FECHA,ID_EMPRESA,EMPRESA,ID_TIPOLOGIA,TIPOLOGIA,ID_MEDIO_ATENCION,MEDIO DE ATENCION,NUMERO_QUEJAS
2018-1,830122566,COLOMBIA TELECOMUNICACIONES S.A. E.S.P.,A1,Modificación condiciones acordadas,1,Oficina,64
2018-1,830122566,COLOMBIA TELECOMUNICACIONES S.A. E.S.P.,A1,Modificación condiciones acordadas,2,Línea Telefónica,7
2018-1,830122566,COLOMBIA TELECOMUNICACIONES S.A. E.S.P.,A1,Modificación condiciones acordadas,3,Página Web,154
2018-1,830122566,COLOMBIA TELECOMUNICACIONES S.A. E.S.P.,A2,Publicidad engañosa,1,Oficina,4044
2018-1,830122566,COLOMBIA TELECOMUNICACIONES S.A. E.S.P.,A2,Publicidad engañosa,2,Línea Telefónica,2855
2018-1,830122566,COLOMBIA TELECOMUNICACIONES S.A. E.S.P.,A2,Publicidad engañosa,3,Página Web,122
2018-1,830122566,COLOMBIA TELECOMUNICACIONES S.A. E.S.P.,A2,Publicidad engañosa,4,Red social,19
2018-1,830122566,COLOMBIA TELECOMUNICACIONES S.A. E.S.P.,A2,Publicidad engañosa,5,Otros,11
2018-1,830122566,COLOMBIA TELECOMUNICACIONES S.A. E.S.P.,A3,Servicios no solicitados,1,Oficina,2270
2018-1,830122566,COLOMBIA TELECOMUNICACIONES S.A. E.S.P.,A3,Servicios no solicitados,2,Línea Telefónica,1469
2018-1,830122566,COLOMBIA TELECOMUNICACIONES S.A. E.S.P.,A3,Servicios no solicitados,3,Página Web,26
2018-1,830122566,COLOMBIA TELECOMUNICACIONES S.A. E.S.P.,A3,Servicios no solicitados,4,Red social,13
2018-1,830122566,COLOMBIA TELECOMUNICACIONES S.A. E.S.P.,A3,Servicios no solicitados,5,Otros,2
2018-1,830122566,COLOMBIA TELECOMUNICACIONES S.A. E.S.P.,A4,Fraudes en contratación,1,Oficina,1445
2018-1,830122566,COLOMBIA TELECOMUNICACIONES S.A. E.S.P.,A4,Fraudes en contratación,2,Línea Telefónica,13
2018-1,830122566,COLOMBIA TELECOMUNICACIONES S.A. E.S.P.,A4,Fraudes en contratación,3,Página Web,20
2018-1,830122566,COLOMBIA TELECOMUNICACIONES S.A. E.S.P.,A4,Fraudes en contratación,5,Otros,3
2018-1,830122566,COLOMBIA TELECOMUNICACIONES S.A. E.S.P.,A5,Datos personales,2,Línea Telefónica,1
2018-1,830122566,COLOMBIA TELECOMUNICACIONES S.A. E.S.P.,B1,Imposibilidad terminación contrato,1,Oficina,426
2018-1,830122566,COLOMBIA TELECOMUNICACIONES S.A. E.S.P.,B1,Imposibilidad terminación contrato,2,Línea Telefónica,1899
2018-1,830122566,COLOMBIA TELECOMUNICACIONES S.A. E.S.P.,B1,Imposibilidad terminación contrato,3,Página Web,50
2018-1,830122566,COLOMBIA TELECOMUNICACIONES S.A. E.S.P.,B1,Imposibilidad terminación contrato,4,Red social,7
2018-1,830122566,COLOMBIA TELECOMUNICACIONES S.A. E.S.P.,B3,Cláusula de permanencia superior a 1 año,1,Oficina,405
2018-1,830122566,COLOMBIA TELECOMUNICACIONES S.A. E.S.P.,B3,Cláusula de permanencia superior a 1 año,2,Línea Telefónica,151
2018-1,830122566,COLOMBIA TELECOMUNICACIONES S.A. E.S.P.,B3,Cláusula de permanencia superior a 1 año,3,Página Web,163
2018-1,830122566,COLOMBIA TELECOMUNICACIONES S.A. E.S.P.,B3,Cláusula de permanencia superior a 1 año,5,Otros,1
2018-1,830122566,COLOMBIA TELECOMUNICACIONES S.A. E.S.P.,D1,No disponibilidad del servicio,1,Oficina,34426
2018-1,830122566,COLOMBIA TELECOMUNICACIONES S.A. E.S.P.,D1,No disponibilidad del servicio,2,Línea Telefónica,79383
2018-1,830122566,COLOMBIA TELECOMUNICACIONES S.A. E.S.P.,D1,No disponibilidad del servicio,3,Página Web,493
2018-1,830122566,COLOMBIA TELECOMUNICACIONES S.A. E.S.P.,D1,No disponibilidad del servicio,4,Red social,2
2018-1,830122566,COLOMBIA TELECOMUNICACIONES S.A. E.S.P.,D1,No disponibilidad del servicio,5,Otros,1
2018-1,830122566,COLOMBIA TELECOMUNICACIONES S.A. E.S.P.,D3,No compensación informada,1,Oficina,55
2018-1,830122566,COLOMBIA TELECOMUNICACIONES S.A. E.S.P.,D3,No compensación informada,2,Línea Telefónica,12
2018-1,830122566,COLOMBIA TELECOMUNICACIONES S.A. E.S.P.,D3,No compensación informada,3,Página Web,1
2018-1,830122566,COLOMBIA TELECOMUNICACIONES S.A. E.S.P.,D4,Intermitencia,1,Oficina,122
2018-1,830122566,COLOMBIA TELECOMUNICACIONES S.A. E.S.P.,D4,Intermitencia,2,Línea Telefónica,6078
2018-1,830122566,COLOMBIA TELECOMUNICACIONES S.A. E.S.P.,D4,Intermitencia,3,Página Web,437
2018-1,830122566,COLOMBIA TELECOMUNICACIONES S.A. E.S.P.,D4,Intermitencia,5,Otros,69
2018-1,830122566,COLOMBIA TELECOMUNICACIONES S.A. E.S.P.,D6,Intento de llamada no exitosa,1,Oficina,12
2018-1,830122566,COLOMBIA TELECOMUNICACIONES S.A. E.S.P.,D6,Intento de llamada no exitosa,2,Línea Telefónica,463
2018-1,830122566,COLOMBIA TELECOMUNICACIONES S.A. E.S.P.,E1,Error factura/ Cobro o descuento injustificado,1,Oficina,903
2018-1,830122566,COLOMBIA TELECOMUNICACIONES S.A. E.S.P.,E1,Error factura/ Cobro o descuento injustificado,2,Línea Telefónica,1246
2018-1,830122566,COLOMBIA TELECOMUNICACIONES S.A. E.S.P.,E1,Error factura/ Cobro o descuento injustificado,3,Página Web,70
2018-1,830122566,COLOMBIA TELECOMUNICACIONES S.A. E.S.P.,E1,Error factura/ Cobro o descuento injustificado,4,Red social,6
2018-1,830122566,COLOMBIA TELECOMUNICACIONES S.A. E.S.P.,E1,Error factura/ Cobro o descuento injustificado,5,Otros,2
2018-1,830122566,COLOMBIA TELECOMUNICACIONES S.A. E.S.P.,E2,Incremento tarifario,1,Oficina,148
2018-1,830122566,COLOMBIA TELECOMUNICACIONES S.A. E.S.P.,E2,Incremento tarifario,2,Línea Telefónica,27
2018-1,830122566,COLOMBIA TELECOMUNICACIONES S.A. E.S.P.,E2,Incremento tarifario,3,Página Web,121
2018-1,830122566,COLOMBIA TELECOMUNICACIONES S.A. E.S.P.,E2,Incremento tarifario,4,Red social,2
2018-1,830122566,COLOMBIA TELECOMUNICACIONES S.A. E.S.P.,E2,Incremento tarifario,5,Otros,1
2018-1,830122566,COLOMBIA TELECOMUNICACIONES S.A. E.S.P.,E3,Reporte a centrales de riesgo,1,Oficina,242
2018-1,830122566,COLOMBIA TELECOMUNICACIONES S.A. E.S.P.,E3,Reporte a centrales de riesgo,2,Línea Telefónica,7
2018-1,830122566,COLOMBIA TELECOMUNICACIONES S.A. E.S.P.,E3,Reporte a centrales de riesgo,3,Página Web,36
2018-1,830122566,COLOMBIA TELECOMUNICACIONES S.A. E.S.P.,E4,Cobro en proceso de reclamación,1,Oficina,138
2018-1,830122566,COLOMBIA TELECOMUNICACIONES S.A. E.S.P.,E4,Cobro en proceso de reclamación,2,Línea Telefónica,51
2018-1,830122566,COLOMBIA TELECOMUNICACIONES S.A. E.S.P.,E4,Cobro en proceso de reclamación,3,Página Web,5
2018-1,830122566,COLOMBIA TELECOMUNICACIONES S.A. E.S.P.,E8,Cobro por reconexión,1,Oficina,17803
2018-1,830122566,COLOMBIA TELECOMUNICACIONES S.A. E.S.P.,E8,Cobro por reconexión,2,Línea Telefónica,172
2018-1,830122566,COLOMBIA TELECOMUNICACIONES S.A. E.S.P.,E8,Cobro por reconexión,3,Página Web,121
2018-1,830122566,COLOMBIA TELECOMUNICACIONES S.A. E.S.P.,E8,Cobro por reconexión,5,Otros,3
2018-1,830122566,COLOMBIA TELECOMUNICACIONES S.A. E.S.P.,G1,Medios de atención al usuario,1,Oficina,70
2018-1,830122566,COLOMBIA TELECOMUNICACIONES S.A. E.S.P.,G1,Medios de atención al usuario,2,Línea Telefónica,301
2018-1,830122566,COLOMBIA TELECOMUNICACIONES S.A. E.S.P.,G1,Medios de atención al usuario,3,Página Web,7
2018-1,830122566,COLOMBIA TELECOMUNICACIONES S.A. E.S.P.,G1,Medios de atención al usuario,4,Red social,1
2018-1,830122566,COLOMBIA TELECOMUNICACIONES S.A. E.S.P.,G1,Medios de atención al usuario,5,Otros,2
2018-1,830122566,COLOMBIA TELECOMUNICACIONES S.A. E.S.P.,H3,Garantía,2,Línea Telefónica,2
2018-1,830122566,COLOMBIA TELECOMUNICACIONES S.A. E.S.P.,I1,Otros,1,Oficina,2044
2018-1,830122566,COLOMBIA TELECOMUNICACIONES S.A. E.S.P.,I1,Otros,2,Línea Telefónica,1066
2018-1,830122566,COLOMBIA TELECOMUNICACIONES S.A. E.S.P.,I1,Otros,3,Página Web,407
2018-1,830122566,COLOMBIA TELECOMUNICACIONES S.A. E.S.P.,I1,Otros,4,Red social,11
2018-1,830122566,COLOMBIA TELECOMUNICACIONES S.A. E.S.P.,I1,Otros,5,Otros,8
2018-2,830122566,COLOMBIA TELECOMUNICACIONES S.A. E.S.P.,A1,Modificación condiciones acordadas,1,Oficina,53
2018-2,830122566,COLOMBIA TELECOMUNICACIONES S.A. E.S.P.,A1,Modificación condiciones acordadas,2,Línea Telefónica,38
2018-2,830122566,COLOMBIA TELECOMUNICACIONES S.A. E.S.P.,A1,Modificación condiciones acordadas,3,Página Web,113
2018-2,830122566,COLOMBIA TELECOMUNICACIONES S.A. E.S.P.,A1,Modificación condiciones acordadas,5,Otros,1
2018-2,830122566,COLOMBIA TELECOMUNICACIONES S.A. E.S.P.,A2,Publicidad engañosa,1,Oficina,3730
2018-2,830122566,COLOMBIA TELECOMUNICACIONES S.A. E.S.P.,A2,Publicidad engañosa,2,Línea Telefónica,1791
2018-2,830122566,COLOMBIA TELECOMUNICACIONES S.A. E.S.P.,A2,Publicidad engañosa,3,Página Web,67
2018-2,830122566,COLOMBIA TELECOMUNICACIONES S.A. E.S.P.,A2,Publicidad engañosa,4,Red social,16
2018-2,830122566,COLOMBIA TELECOMUNICACIONES S.A. E.S.P.,A2,Publicidad engañosa,5,Otros,2
2018-2,830122566,COLOMBIA TELECOMUNICACIONES S.A. E.S.P.,A3,Servicios no solicitados,1,Oficina,2700
2018-2,830122566,COLOMBIA TELECOMUNICACIONES S.A. E.S.P.,A3,Servicios no solicitados,2,Línea Telefónica,1280
2018-2,830122566,COLOMBIA TELECOMUNICACIONES S.A. E.S.P.,A3,Servicios no solicitados,3,Página Web,26
2018-2,830122566,COLOMBIA TELECOMUNICACIONES S.A. E.S.P.,A3,Servicios no solicitados,4,Red social,13
2018-2,830122566,COLOMBIA TELECOMUNICACIONES S.A. E.S.P.,A4,Fraudes en contratación,1,Oficina,1210
2018-2,830122566,COLOMBIA TELECOMUNICACIONES S.A. E.S.P.,A4,Fraudes en contratación,2,Línea Telefónica,15
2018-2,830122566,COLOMBIA TELECOMUNICACIONES S.A. E.S.P.,A4,Fraudes en contratación,3,Página Web,22
2018-2,830122566,COLOMBIA TELECOMUNICACIONES S.A. E.S.P.,A4,Fraudes en contratación,5,Otros,1
2018-2,830122566,COLOMBIA TELECOMUNICACIONES S.A. E.S.P.,A5,Datos personales,1,Oficina,2
2018-2,830122566,COLOMBIA TELECOMUNICACIONES S.A. E.S.P.,B1,Imposibilidad terminación contrato,1,Oficina,379
2018-2,830122566,COLOMBIA TELECOMUNICACIONES S.A. E.S.P.,B1,Imposibilidad terminación contrato,2,Línea Telefónica,1299
2018-2,830122566,COLOMBIA TELECOMUNICACIONES S.A. E.S.P.,B1,Imposibilidad terminación contrato,3,Página Web,53
2018-2,830122566,COLOMBIA TELECOMUNICACIONES S.A. E.S.P.,B1,Imposibilidad terminación contrato,4,Red social,6
2018-2,830122566,COLOMBIA TELECOMUNICACIONES S.A. E.S.P.,B1,Imposibilidad terminación contrato,5,Otros,1
2018-2,830122566,COLOMBIA TELECOMUNICACIONES S.A. E.S.P.,B3,Cláusula de permanencia superior a 1 año,1,Oficina,319
2018-2,830122566,COLOMBIA TELECOMUNICACIONES S.A. E.S.P.,B3,Cláusula de permanencia superior a 1 año,2,Línea Telefónica,126
2018-2,830122566,COLOMBIA TELECOMUNICACIONES S.A. E.S.P.,B3,Cláusula de permanencia superior a 1 año,3,Página Web,80
2018-2,830122566,COLOMBIA TELECOMUNICACIONES S.A. E.S.P.,B3,Cláusula de permanencia superior a 1 año,4,Red social,3
2018-2,830122566,COLOMBIA TELECOMUNICACIONES S.A. E.S.P.,B3,Cláusula de permanencia superior a 1 año,5,Otros,1
2018-2,830122566,COLOMBIA TELECOMUNICACIONES S.A. E.S.P.,D1,No disponibilidad del servicio,1,Oficina,39524
2018-2,830122566,COLOMBIA TELECOMUNICACIONES S.A. E.S.P.,D1,No disponibilidad del servicio,2,Línea Telefónica,102018
2018-2,830122566,COLOMBIA TELECOMUNICACIONES S.A. E.S.P.,D1,No disponibilidad del servicio,3,Página Web,412
2018-2,830122566,COLOMBIA TELECOMUNICACIONES S.A. E.S.P.,D1,No disponibilidad del servicio,4,Red social,3
2018-2,830122566,COLOMBIA TELECOMUNICACIONES S.A. E.S.P.,D1,No disponibilidad del servicio,5,Otros,8
2018-2,830122566,COLOMBIA TELECOMUNICACIONES S.A. E.S.P.,D3,No compensación informada,1,Oficina,40
2018-2,830122566,COLOMBIA TELECOMUNICACIONES S.A. E.S.P.,D3,No compensación informada,2,Línea Telefónica,12
2018-2,830122566,COLOMBIA TELECOMUNICACIONES S.A. E.S.P.,D3,No compensación informada,3,Página Web,1
2018-2,830122566,COLOMBIA TELECOMUNICACIONES S.A. E.S.P.,D3,No compensación informada,4,Red social,1
2018-2,830122566,COLOMBIA TELECOMUNICACIONES S.A. E.S.P.,D3,No compensación informada,5,Otros,1
2018-2,830122566,COLOMBIA TELECOMUNICACIONES S.A. E.S.P.,D4,Intermitencia,1,Oficina,125
2018-2,830122566,COLOMBIA TELECOMUNICACIONES S.A. E.S.P.,D4,Intermitencia,2,Línea Telefónica,7834
2018-2,830122566,COLOMBIA TELECOMUNICACIONES S.A. E.S.P.,D4,Intermitencia,3,Página Web,490
2018-2,830122566,COLOMBIA TELECOMUNICACIONES S.A. E.S.P.,D4,Intermitencia,5,Otros,67
2018-2,830122566,COLOMBIA TELECOMUNICACIONES S.A. E.S.P.,D6,Intento de llamada no exitosa,1,Oficina,13
2018-2,830122566,COLOMBIA TELECOMUNICACIONES S.A. E.S.P.,D6,Intento de llamada no exitosa,2,Línea Telefónica,293
2018-2,830122566,COLOMBIA TELECOMUNICACIONES S.A. E.S.P.,E1,Error factura/ Cobro o descuento injustificado,1,Oficina,763
2018-2,830122566,COLOMBIA TELECOMUNICACIONES S.A. E.S.P.,E1,Error factura/ Cobro o descuento injustificado,2,Línea Telefónica,777
2018-2,830122566,COLOMBIA TELECOMUNICACIONES S.A. E.S.P.,E1,Error factura/ Cobro o descuento injustificado,3,Página Web,73
2018-2,830122566,COLOMBIA TELECOMUNICACIONES S.A. E.S.P.,E1,Error factura/ Cobro o descuento injustificado,4,Red social,3
2018-2,830122566,COLOMBIA TELECOMUNICACIONES S.A. E.S.P.,E1,Error factura/ Cobro o descuento injustificado,5,Otros,1
2018-2,830122566,COLOMBIA TELECOMUNICACIONES S.A. E.S.P.,E2,Incremento tarifario,1,Oficina,108
2018-2,830122566,COLOMBIA TELECOMUNICACIONES S.A. E.S.P.,E2,Incremento tarifario,2,Línea Telefónica,14
2018-2,830122566,COLOMBIA TELECOMUNICACIONES S.A. E.S.P.,E2,Incremento tarifario,3,Página Web,67
2018-2,830122566,COLOMBIA TELECOMUNICACIONES S.A. E.S.P.,E3,Reporte a centrales de riesgo,1,Oficina,182
2018-2,830122566,COLOMBIA TELECOMUNICACIONES S.A. E.S.P.,E3,Reporte a centrales de riesgo,2,Línea Telefónica,6
2018-2,830122566,COLOMBIA TELECOMUNICACIONES S.A. E.S.P.,E3,Reporte a centrales de riesgo,3,Página Web,25
2018-2,830122566,COLOMBIA TELECOMUNICACIONES S.A. E.S.P.,E4,Cobro en proceso de reclamación,1,Oficina,124
2018-2,830122566,COLOMBIA TELECOMUNICACIONES S.A. E.S.P.,E4,Cobro en proceso de reclamación,2,Línea Telefónica,67
2018-2,830122566,COLOMBIA TELECOMUNICACIONES S.A. E.S.P.,E4,Cobro en proceso de reclamación,3,Página Web,18
2018-2,830122566,COLOMBIA TELECOMUNICACIONES S.A. E.S.P.,E8,Cobro por reconexión,1,Oficina,16768
2018-2,830122566,COLOMBIA TELECOMUNICACIONES S.A. E.S.P.,E8,Cobro por reconexión,2,Línea Telefónica,195
2018-2,830122566,COLOMBIA TELECOMUNICACIONES S.A. E.S.P.,E8,Cobro por reconexión,3,Página Web,86
2018-2,830122566,COLOMBIA TELECOMUNICACIONES S.A. E.S.P.,E8,Cobro por reconexión,4,Red social,3
2018-2,830122566,COLOMBIA TELECOMUNICACIONES S.A. E.S.P.,E8,Cobro por reconexión,5,Otros,1
2018-2,830122566,COLOMBIA TELECOMUNICACIONES S.A. E.S.P.,G1,Medios de atención al usuario,1,Oficina,86
2018-2,830122566,COLOMBIA TELECOMUNICACIONES S.A. E.S.P.,G1,Medios de atención al usuario,2,Línea Telefónica,426
2018-2,830122566,COLOMBIA TELECOMUNICACIONES S.A. E.S.P.,G1,Medios de atención al usuario,3,Página Web,8
2018-2,830122566,COLOMBIA TELECOMUNICACIONES S.A. E.S.P.,G1,Medios de atención al usuario,4,Red social,1
2018-2,830122566,COLOMBIA TELECOMUNICACIONES S.A. E.S.P.,G1,Medios de atención al usuario,5,Otros,1
2018-2,830122566,COLOMBIA TELECOMUNICACIONES S.A. E.S.P.,H3,Garantía,1,Oficina,3
2018-2,830122566,COLOMBIA TELECOMUNICACIONES S.A. E.S.P.,I1,Otros,1,Oficina,745
2018-2,830122566,COLOMBIA TELECOMUNICACIONES S.A. E.S.P.,I1,Otros,2,Línea Telefónica,515
2018-2,830122566,COLOMBIA TELECOMUNICACIONES S.A. E.S.P.,I1,Otros,3,Página Web,204
2018-2,830122566,COLOMBIA TELECOMUNICACIONES S.A. E.S.P.,I1,Otros,4,Red social,3
2018-3,830122566,COLOMBIA TELECOMUNICACIONES S.A. E.S.P.,A1,Modificación condiciones acordadas,1,Oficina,53
2018-3,830122566,COLOMBIA TELECOMUNICACIONES S.A. E.S.P.,A1,Modificación condiciones acordadas,2,Línea Telefónica,20
2018-3,830122566,COLOMBIA TELECOMUNICACIONES S.A. E.S.P.,A1,Modificación condiciones acordadas,3,Página Web,83
2018-3,830122566,COLOMBIA TELECOMUNICACIONES S.A. E.S.P.,A1,Modificación condiciones acordadas,4,Red social,1
2018-3,830122566,COLOMBIA TELECOMUNICACIONES S.A. E.S.P.,A2,Publicidad engañosa,1,Oficina,3904
2018-3,830122566,COLOMBIA TELECOMUNICACIONES S.A. E.S.P.,A2,Publicidad engañosa,2,Línea Telefónica,1720
2018-3,830122566,COLOMBIA TELECOMUNICACIONES S.A. E.S.P.,A2,Publicidad engañosa,3,Página Web,96
2018-3,830122566,COLOMBIA TELECOMUNICACIONES S.A. E.S.P.,A2,Publicidad engañosa,4,Red social,17
2018-3,830122566,COLOMBIA TELECOMUNICACIONES S.A. E.S.P.,A2,Publicidad engañosa,5,Otros,5
2018-3,830122566,COLOMBIA TELECOMUNICACIONES S.A. E.S.P.,A3,Servicios no solicitados,1,Oficina,3018
2018-3,830122566,COLOMBIA TELECOMUNICACIONES S.A. E.S.P.,A3,Servicios no solicitados,2,Línea Telefónica,1129
2018-3,830122566,COLOMBIA TELECOMUNICACIONES S.A. E.S.P.,A3,Servicios no solicitados,3,Página Web,48
2018-3,830122566,COLOMBIA TELECOMUNICACIONES S.A. E.S.P.,A3,Servicios no solicitados,4,Red social,2
2018-3,830122566,COLOMBIA TELECOMUNICACIONES S.A. E.S.P.,A4,Fraudes en contratación,1,Oficina,1360
2018-3,830122566,COLOMBIA TELECOMUNICACIONES S.A. E.S.P.,A4,Fraudes en contratación,2,Línea Telefónica,12
2018-3,830122566,COLOMBIA TELECOMUNICACIONES S.A. E.S.P.,A4,Fraudes en contratación,3,Página Web,23
2018-3,830122566,COLOMBIA TELECOMUNICACIONES S.A. E.S.P.,A4,Fraudes en contratación,5,Otros,3
2018-3,830122566,COLOMBIA TELECOMUNICACIONES S.A. E.S.P.,A5,Datos personales,1,Oficina,1
2018-3,830122566,COLOMBIA TELECOMUNICACIONES S.A. E.S.P.,A5,Datos personales,2,Línea Telefónica,1
2018-3,830122566,COLOMBIA TELECOMUNICACIONES S.A. E.S.P.,B1,Imposibilidad terminación contrato,1,Oficina,433
2018-3,830122566,COLOMBIA TELECOMUNICACIONES S.A. E.S.P.,B1,Imposibilidad terminación contrato,2,Línea Telefónica,958
2018-3,830122566,COLOMBIA TELECOMUNICACIONES S.A. E.S.P.,B1,Imposibilidad terminación contrato,3,Página Web,46
2018-3,830122566,COLOMBIA TELECOMUNICACIONES S.A. E.S.P.,B3,Cláusula de permanencia superior a 1 año,1,Oficina,312
2018-3,830122566,COLOMBIA TELECOMUNICACIONES S.A. E.S.P.,B3,Cláusula de permanencia superior a 1 año,2,Línea Telefónica,86
2018-3,830122566,COLOMBIA TELECOMUNICACIONES S.A. E.S.P.,B3,Cláusula de permanencia superior a 1 año,3,Página Web,26
2018-3,830122566,COLOMBIA TELECOMUNICACIONES S.A. E.S.P.,B3,Cláusula de permanencia superior a 1 año,5,Otros,1
2018-3,830122566,COLOMBIA TELECOMUNICACIONES S.A. E.S.P.,D1,No disponibilidad del servicio,1,Oficina,32532
2018-3,830122566,COLOMBIA TELECOMUNICACIONES S.A. E.S.P.,D1,No disponibilidad del servicio,2,Línea Telefónica,107563
2018-3,830122566,COLOMBIA TELECOMUNICACIONES S.A. E.S.P.,D1,No disponibilidad del servicio,3,Página Web,322
2018-3,830122566,COLOMBIA TELECOMUNICACIONES S.A. E.S.P.,D1,No disponibilidad del servicio,4,Red social,5
2018-3,830122566,COLOMBIA TELECOMUNICACIONES S.A. E.S.P.,D1,No disponibilidad del servicio,5,Otros,16
2018-3,830122566,COLOMBIA TELECOMUNICACIONES S.A. E.S.P.,D3,No compensación informada,1,Oficina,101
2018-3,830122566,COLOMBIA TELECOMUNICACIONES S.A. E.S.P.,D3,No compensación informada,2,Línea Telefónica,10
2018-3,830122566,COLOMBIA TELECOMUNICACIONES S.A. E.S.P.,D4,Intermitencia,1,Oficina,206
2018-3,830122566,COLOMBIA TELECOMUNICACIONES S.A. E.S.P.,D4,Intermitencia,2,Línea Telefónica,9303
2018-3,830122566,COLOMBIA TELECOMUNICACIONES S.A. E.S.P.,D4,Intermitencia,3,Página Web,396
2018-3,830122566,COLOMBIA TELECOMUNICACIONES S.A. E.S.P.,D4,Intermitencia,5,Otros,222
2018-3,830122566,COLOMBIA TELECOMUNICACIONES S.A. E.S.P.,D6,Intento de llamada no exitosa,1,Oficina,60
2018-3,830122566,COLOMBIA TELECOMUNICACIONES S.A. E.S.P.,D6,Intento de llamada no exitosa,2,Línea Telefónica,273
2018-3,830122566,COLOMBIA TELECOMUNICACIONES S.A. E.S.P.,E1,Error factura/ Cobro o descuento injustificado,1,Oficina,838
2018-3,830122566,COLOMBIA TELECOMUNICACIONES S.A. E.S.P.,E1,Error factura/ Cobro o descuento injustificado,2,Línea Telefónica,867
2018-3,830122566,COLOMBIA TELECOMUNICACIONES S.A. E.S.P.,E1,Error factura/ Cobro o descuento injustificado,3,Página Web,127
2018-3,830122566,COLOMBIA TELECOMUNICACIONES S.A. E.S.P.,E1,Error factura/ Cobro o descuento injustificado,4,Red social,2
2018-3,830122566,COLOMBIA TELECOMUNICACIONES S.A. E.S.P.,E1,Error factura/ Cobro o descuento injustificado,5,Otros,2
2018-3,830122566,COLOMBIA TELECOMUNICACIONES S.A. E.S.P.,E2,Incremento tarifario,1,Oficina,228
2018-3,830122566,COLOMBIA TELECOMUNICACIONES S.A. E.S.P.,E2,Incremento tarifario,2,Línea Telefónica,131
2018-3,830122566,COLOMBIA TELECOMUNICACIONES S.A. E.S.P.,E2,Incremento tarifario,3,Página Web,49
2018-3,830122566,COLOMBIA TELECOMUNICACIONES S.A. E.S.P.,E2,Incremento tarifario,5,Otros,1
2018-3,830122566,COLOMBIA TELECOMUNICACIONES S.A. E.S.P.,E3,Reporte a centrales de riesgo,1,Oficina,262
2018-3,830122566,COLOMBIA TELECOMUNICACIONES S.A. E.S.P.,E3,Reporte a centrales de riesgo,2,Línea Telefónica,6
2018-3,830122566,COLOMBIA TELECOMUNICACIONES S.A. E.S.P.,E3,Reporte a centrales de riesgo,3,Página Web,28
2018-3,830122566,COLOMBIA TELECOMUNICACIONES S.A. E.S.P.,E4,Cobro en proceso de reclamación,1,Oficina,196
2018-3,830122566,COLOMBIA TELECOMUNICACIONES S.A. E.S.P.,E4,Cobro en proceso de reclamación,2,Línea Telefónica,47
2018-3,830122566,COLOMBIA TELECOMUNICACIONES S.A. E.S.P.,E4,Cobro en proceso de reclamación,3,Página Web,56
2018-3,830122566,COLOMBIA TELECOMUNICACIONES S.A. E.S.P.,E8,Cobro por reconexión,1,Oficina,15855
2018-3,830122566,COLOMBIA TELECOMUNICACIONES S.A. E.S.P.,E8,Cobro por reconexión,2,Línea Telefónica,180
2018-3,830122566,COLOMBIA TELECOMUNICACIONES S.A. E.S.P.,E8,Cobro por reconexión,3,Página Web,61
2018-3,830122566,COLOMBIA TELECOMUNICACIONES S.A. E.S.P.,E8,Cobro por reconexión,4,Red social,1
2018-3,830122566,COLOMBIA TELECOMUNICACIONES S.A. E.S.P.,E8,Cobro por reconexión,5,Otros,1
2018-3,830122566,COLOMBIA TELECOMUNICACIONES S.A. E.S.P.,G1,Medios de atención al usuario,1,Oficina,211
2018-3,830122566,COLOMBIA TELECOMUNICACIONES S.A. E.S.P.,G1,Medios de atención al usuario,2,Línea Telefónica,582
2018-3,830122566,COLOMBIA TELECOMUNICACIONES S.A. E.S.P.,G1,Medios de atención al usuario,3,Página Web,7
2018-3,830122566,COLOMBIA TELECOMUNICACIONES S.A. E.S.P.,G1,Medios de atención al usuario,4,Red social,1
2018-3,830122566,COLOMBIA TELECOMUNICACIONES S.A. E.S.P.,G1,Medios de atención al usuario,5,Otros,1
2018-3,830122566,COLOMBIA TELECOMUNICACIONES S.A. E.S.P.,H3,Garantía,1,Oficina,1
2018-3,830122566,COLOMBIA TELECOMUNICACIONES S.A. E.S.P.,H3,Garantía,2,Línea Telefónica,2
2018-3,830122566,COLOMBIA TELECOMUNICACIONES S.A. E.S.P.,I1,Otros,1,Oficina,128
2018-3,830122566,COLOMBIA TELECOMUNICACIONES S.A. E.S.P.,I1,Otros,2,Línea Telefónica,80
2018-3,830122566,COLOMBIA TELECOMUNICACIONES S.A. E.S.P.,I1,Otros,3,Página Web,283
2018-4,830122566,COLOMBIA TELECOMUNICACIONES S.A. E.S.P.,A1,Modificación condiciones acordadas,1,Oficina,46
2018-4,830122566,COLOMBIA TELECOMUNICACIONES S.A. E.S.P.,A1,Modificación condiciones acordadas,2,Línea Telefónica,30
2018-4,830122566,COLOMBIA TELECOMUNICACIONES S.A. E.S.P.,A1,Modificación condiciones acordadas,3,Página Web,52
2018-4,830122566,COLOMBIA TELECOMUNICACIONES S.A. E.S.P.,A2,Publicidad engañosa,1,Oficina,4047
2018-4,830122566,COLOMBIA TELECOMUNICACIONES S.A. E.S.P.,A2,Publicidad engañosa,2,Línea Telefónica,1811
2018-4,830122566,COLOMBIA TELECOMUNICACIONES S.A. E.S.P.,A2,Publicidad engañosa,3,Página Web,93
2018-4,830122566,COLOMBIA TELECOMUNICACIONES S.A. E.S.P.,A2,Publicidad engañosa,4,Red social,18
2018-4,830122566,COLOMBIA TELECOMUNICACIONES S.A. E.S.P.,A2,Publicidad engañosa,5,Otros,4
2018-4,830122566,COLOMBIA TELECOMUNICACIONES S.A. E.S.P.,A3,Servicios no solicitados,1,Oficina,2539
2018-4,830122566,COLOMBIA TELECOMUNICACIONES S.A. E.S.P.,A3,Servicios no solicitados,2,Línea Telefónica,906
2018-4,830122566,COLOMBIA TELECOMUNICACIONES S.A. E.S.P.,A3,Servicios no solicitados,3,Página Web,42
2018-4,830122566,COLOMBIA TELECOMUNICACIONES S.A. E.S.P.,A3,Servicios no solicitados,4,Red social,2
2018-4,830122566,COLOMBIA TELECOMUNICACIONES S.A. E.S.P.,A4,Fraudes en contratación,1,Oficina,1336
2018-4,830122566,COLOMBIA TELECOMUNICACIONES S.A. E.S.P.,A4,Fraudes en contratación,2,Línea Telefónica,6
2018-4,830122566,COLOMBIA TELECOMUNICACIONES S.A. E.S.P.,A4,Fraudes en contratación,3,Página Web,37
2018-4,830122566,COLOMBIA TELECOMUNICACIONES S.A. E.S.P.,A4,Fraudes en contratación,5,Otros,3
2018-4,830122566,COLOMBIA TELECOMUNICACIONES S.A. E.S.P.,A5,Datos personales,1,Oficina,1
2018-4,830122566,COLOMBIA TELECOMUNICACIONES S.A. E.S.P.,B1,Imposibilidad terminación contrato,1,Oficina,542
2018-4,830122566,COLOMBIA TELECOMUNICACIONES S.A. E.S.P.,B1,Imposibilidad terminación contrato,2,Línea Telefónica,1045
2018-4,830122566,COLOMBIA TELECOMUNICACIONES S.A. E.S.P.,B1,Imposibilidad terminación contrato,3,Página Web,33
2018-4,830122566,COLOMBIA TELECOMUNICACIONES S.A. E.S.P.,B1,Imposibilidad terminación contrato,4,Red social,1
2018-4,830122566,COLOMBIA TELECOMUNICACIONES S.A. E.S.P.,B3,Cláusula de permanencia superior a 1 año,1,Oficina,360
2018-4,830122566,COLOMBIA TELECOMUNICACIONES S.A. E.S.P.,B3,Cláusula de permanencia superior a 1 año,2,Línea Telefónica,129
2018-4,830122566,COLOMBIA TELECOMUNICACIONES S.A. E.S.P.,B3,Cláusula de permanencia superior a 1 año,3,Página Web,37
2018-4,830122566,COLOMBIA TELECOMUNICACIONES S.A. E.S.P.,B3,Cláusula de permanencia superior a 1 año,4,Red social,1
2018-4,830122566,COLOMBIA TELECOMUNICACIONES S.A. E.S.P.,D1,No disponibilidad del servicio,1,Oficina,47911
2018-4,830122566,COLOMBIA TELECOMUNICACIONES S.A. E.S.P.,D1,No disponibilidad del servicio,2,Línea Telefónica,101451
2018-4,830122566,COLOMBIA TELECOMUNICACIONES S.A. E.S.P.,D1,No disponibilidad del servicio,3,Página Web,255
2018-4,830122566,COLOMBIA TELECOMUNICACIONES S.A. E.S.P.,D1,No disponibilidad del servicio,4,Red social,3
2018-4,830122566,COLOMBIA TELECOMUNICACIONES S.A. E.S.P.,D1,No disponibilidad del servicio,5,Otros,18
2018-4,830122566,COLOMBIA TELECOMUNICACIONES S.A. E.S.P.,D3,No compensación informada,1,Oficina,157
2018-4,830122566,COLOMBIA TELECOMUNICACIONES S.A. E.S.P.,D3,No compensación informada,2,Línea Telefónica,5
2018-4,830122566,COLOMBIA TELECOMUNICACIONES S.A. E.S.P.,D3,No compensación informada,3,Página Web,2
2018-4,830122566,COLOMBIA TELECOMUNICACIONES S.A. E.S.P.,D3,No compensación informada,5,Otros,1
2018-4,830122566,COLOMBIA TELECOMUNICACIONES S.A. E.S.P.,D4,Intermitencia,1,Oficina,412
2018-4,830122566,COLOMBIA TELECOMUNICACIONES S.A. E.S.P.,D4,Intermitencia,2,Línea Telefónica,11674
2018-4,830122566,COLOMBIA TELECOMUNICACIONES S.A. E.S.P.,D4,Intermitencia,3,Página Web,431
2018-4,830122566,COLOMBIA TELECOMUNICACIONES S.A. E.S.P.,D4,Intermitencia,5,Otros,169
2018-4,830122566,COLOMBIA TELECOMUNICACIONES S.A. E.S.P.,D6,Intento de llamada no exitosa,1,Oficina,197
2018-4,830122566,COLOMBIA TELECOMUNICACIONES S.A. E.S.P.,D6,Intento de llamada no exitosa,2,Línea Telefónica,110
2018-4,830122566,COLOMBIA TELECOMUNICACIONES S.A. E.S.P.,E1,Error factura/ Cobro o descuento injustificado,1,Oficina,814
2018-4,830122566,COLOMBIA TELECOMUNICACIONES S.A. E.S.P.,E1,Error factura/ Cobro o descuento injustificado,2,Línea Telefónica,735
2018-4,830122566,COLOMBIA TELECOMUNICACIONES S.A. E.S.P.,E1,Error factura/ Cobro o descuento injustificado,3,Página Web,104
2018-4,830122566,COLOMBIA TELECOMUNICACIONES S.A. E.S.P.,E1,Error factura/ Cobro o descuento injustificado,4,Red social,3
2018-4,830122566,COLOMBIA TELECOMUNICACIONES S.A. E.S.P.,E2,Incremento tarifario,1,Oficina,150
2018-4,830122566,COLOMBIA TELECOMUNICACIONES S.A. E.S.P.,E2,Incremento tarifario,2,Línea Telefónica,18
2018-4,830122566,COLOMBIA TELECOMUNICACIONES S.A. E.S.P.,E2,Incremento tarifario,3,Página Web,18
2018-4,830122566,COLOMBIA TELECOMUNICACIONES S.A. E.S.P.,E3,Reporte a centrales de riesgo,1,Oficina,211
2018-4,830122566,COLOMBIA TELECOMUNICACIONES S.A. E.S.P.,E3,Reporte a centrales de riesgo,2,Línea Telefónica,3
2018-4,830122566,COLOMBIA TELECOMUNICACIONES S.A. E.S.P.,E3,Reporte a centrales de riesgo,3,Página Web,32
2018-4,830122566,COLOMBIA TELECOMUNICACIONES S.A. E.S.P.,E4,Cobro en proceso de reclamación,1,Oficina,178
2018-4,830122566,COLOMBIA TELECOMUNICACIONES S.A. E.S.P.,E4,Cobro en proceso de reclamación,2,Línea Telefónica,50
2018-4,830122566,COLOMBIA TELECOMUNICACIONES S.A. E.S.P.,E4,Cobro en proceso de reclamación,3,Página Web,80
2018-4,830122566,COLOMBIA TELECOMUNICACIONES S.A. E.S.P.,E4,Cobro en proceso de reclamación,4,Red social,2
2018-4,830122566,COLOMBIA TELECOMUNICACIONES S.A. E.S.P.,E8,Cobro por reconexión,1,Oficina,15901
2018-4,830122566,COLOMBIA TELECOMUNICACIONES S.A. E.S.P.,E8,Cobro por reconexión,2,Línea Telefónica,214
2018-4,830122566,COLOMBIA TELECOMUNICACIONES S.A. E.S.P.,E8,Cobro por reconexión,3,Página Web,82
2018-4,830122566,COLOMBIA TELECOMUNICACIONES S.A. E.S.P.,E8,Cobro por reconexión,5,Otros,3
2018-4,830122566,COLOMBIA TELECOMUNICACIONES S.A. E.S.P.,G1,Medios de atención al usuario,1,Oficina,282
2018-4,830122566,COLOMBIA TELECOMUNICACIONES S.A. E.S.P.,G1,Medios de atención al usuario,2,Línea Telefónica,1072
2018-4,830122566,COLOMBIA TELECOMUNICACIONES S.A. E.S.P.,G1,Medios de atención al usuario,3,Página Web,26
2018-4,830122566,COLOMBIA TELECOMUNICACIONES S.A. E.S.P.,G1,Medios de atención al usuario,4,Red social,4
2018-4,830122566,COLOMBIA TELECOMUNICACIONES S.A. E.S.P.,G1,Medios de atención al usuario,5,Otros,2
2018-4,830122566,COLOMBIA TELECOMUNICACIONES S.A. E.S.P.,I1,Otros,1,Oficina,151
2018-4,830122566,COLOMBIA TELECOMUNICACIONES S.A. E.S.P.,I1,Otros,2,Línea Telefónica,68
2018-4,830122566,COLOMBIA TELECOMUNICACIONES S.A. E.S.P.,I1,Otros,3,Página Web,256
2018-4,830122566,COLOMBIA TELECOMUNICACIONES S.A. E.S.P.,I1,Otros,4,Red social,1
2019-1,830122566,COLOMBIA TELECOMUNICACIONES S.A. E.S.P.,A1,Modificación condiciones acordadas,1,Oficina,74
2019-1,830122566,COLOMBIA TELECOMUNICACIONES S.A. E.S.P.,A1,Modificación condiciones acordadas,2,Línea Telefónica,19
2019-1,830122566,COLOMBIA TELECOMUNICACIONES S.A. E.S.P.,A1,Modificación condiciones acordadas,3,Página Web,71
2019-1,830122566,COLOMBIA TELECOMUNICACIONES S.A. E.S.P.,A2,Publicidad engañosa,1,Oficina,4228
2019-1,830122566,COLOMBIA TELECOMUNICACIONES S.A. E.S.P.,A2,Publicidad engañosa,2,Línea Telefónica,1591
2019-1,830122566,COLOMBIA TELECOMUNICACIONES S.A. E.S.P.,A2,Publicidad engañosa,3,Página Web,58
2019-1,830122566,COLOMBIA TELECOMUNICACIONES S.A. E.S.P.,A2,Publicidad engañosa,4,Red social,13
2019-1,830122566,COLOMBIA TELECOMUNICACIONES S.A. E.S.P.,A2,Publicidad engañosa,5,Otros,4
2019-1,830122566,COLOMBIA TELECOMUNICACIONES S.A. E.S.P.,A3,Servicios no solicitados,1,Oficina,2898
2019-1,830122566,COLOMBIA TELECOMUNICACIONES S.A. E.S.P.,A3,Servicios no solicitados,2,Línea Telefónica,1070
2019-1,830122566,COLOMBIA TELECOMUNICACIONES S.A. E.S.P.,A3,Servicios no solicitados,3,Página Web,24
2019-1,830122566,COLOMBIA TELECOMUNICACIONES S.A. E.S.P.,A3,Servicios no solicitados,4,Red social,2
2019-1,830122566,COLOMBIA TELECOMUNICACIONES S.A. E.S.P.,A3,Servicios no solicitados,5,Otros,3
2019-1,830122566,COLOMBIA TELECOMUNICACIONES S.A. E.S.P.,A4,Fraudes en contratación,1,Oficina,1646
2019-1,830122566,COLOMBIA TELECOMUNICACIONES S.A. E.S.P.,A4,Fraudes en contratación,2,Línea Telefónica,9
2019-1,830122566,COLOMBIA TELECOMUNICACIONES S.A. E.S.P.,A4,Fraudes en contratación,3,Página Web,33
2019-1,830122566,COLOMBIA TELECOMUNICACIONES S.A. E.S.P.,A4,Fraudes en contratación,5,Otros,4
2019-1,830122566,COLOMBIA TELECOMUNICACIONES S.A. E.S.P.,A5,Datos personales,1,Oficina,4
2019-1,830122566,COLOMBIA TELECOMUNICACIONES S.A. E.S.P.,B1,Imposibilidad terminación contrato,1,Oficina,688
2019-1,830122566,COLOMBIA TELECOMUNICACIONES S.A. E.S.P.,B1,Imposibilidad terminación contrato,2,Línea Telefónica,1189
2019-1,830122566,COLOMBIA TELECOMUNICACIONES S.A. E.S.P.,B1,Imposibilidad terminación contrato,3,Página Web,29
2019-1,830122566,COLOMBIA TELECOMUNICACIONES S.A. E.S.P.,B1,Imposibilidad terminación contrato,4,Red social,1
2019-1,830122566,COLOMBIA TELECOMUNICACIONES S.A. E.S.P.,B3,Cláusula de permanencia superior a 1 año,1,Oficina,543
2019-1,830122566,COLOMBIA TELECOMUNICACIONES S.A. E.S.P.,B3,Cláusula de permanencia superior a 1 año,2,Línea Telefónica,93
2019-1,830122566,COLOMBIA TELECOMUNICACIONES S.A. E.S.P.,B3,Cláusula de permanencia superior a 1 año,3,Página Web,26
2019-1,830122566,COLOMBIA TELECOMUNICACIONES S.A. E.S.P.,B3,Cláusula de permanencia superior a 1 año,4,Red social,2
2019-1,830122566,COLOMBIA TELECOMUNICACIONES S.A. E.S.P.,D1,No disponibilidad del servicio,1,Oficina,45628
2019-1,830122566,COLOMBIA TELECOMUNICACIONES S.A. E.S.P.,D1,No disponibilidad del servicio,2,Línea Telefónica,109855
2019-1,830122566,COLOMBIA TELECOMUNICACIONES S.A. E.S.P.,D1,No disponibilidad del servicio,3,Página Web,788
2019-1,830122566,COLOMBIA TELECOMUNICACIONES S.A. E.S.P.,D1,No disponibilidad del servicio,4,Red social,5
2019-1,830122566,COLOMBIA TELECOMUNICACIONES S.A. E.S.P.,D1,No disponibilidad del servicio,5,Otros,5
2019-1,830122566,COLOMBIA TELECOMUNICACIONES S.A. E.S.P.,D3,No compensación informada,1,Oficina,292
2019-1,830122566,COLOMBIA TELECOMUNICACIONES S.A. E.S.P.,D3,No compensación informada,2,Línea Telefónica,9
2019-1,830122566,COLOMBIA TELECOMUNICACIONES S.A. E.S.P.,D3,No compensación informada,3,Página Web,12
2019-1,830122566,COLOMBIA TELECOMUNICACIONES S.A. E.S.P.,D4,Intermitencia,1,Oficina,291
2019-1,830122566,COLOMBIA TELECOMUNICACIONES S.A. E.S.P.,D4,Intermitencia,2,Línea Telefónica,15031
2019-1,830122566,COLOMBIA TELECOMUNICACIONES S.A. E.S.P.,D4,Intermitencia,3,Página Web,488
2019-1,830122566,COLOMBIA TELECOMUNICACIONES S.A. E.S.P.,D4,Intermitencia,5,Otros,187
2019-1,830122566,COLOMBIA TELECOMUNICACIONES S.A. E.S.P.,D6,Intento de llamada no exitosa,1,Oficina,135
2019-1,830122566,COLOMBIA TELECOMUNICACIONES S.A. E.S.P.,D6,Intento de llamada no exitosa,2,Línea Telefónica,65
2019-1,830122566,COLOMBIA TELECOMUNICACIONES S.A. E.S.P.,E1,Error factura/ Cobro o descuento injustificado,1,Oficina,1098
2019-1,830122566,COLOMBIA TELECOMUNICACIONES S.A. E.S.P.,E1,Error factura/ Cobro o descuento injustificado,2,Línea Telefónica,786
2019-1,830122566,COLOMBIA TELECOMUNICACIONES S.A. E.S.P.,E1,Error factura/ Cobro o descuento injustificado,3,Página Web,70
2019-1,830122566,COLOMBIA TELECOMUNICACIONES S.A. E.S.P.,E1,Error factura/ Cobro o descuento injustificado,4,Red social,6
2019-1,830122566,COLOMBIA TELECOMUNICACIONES S.A. E.S.P.,E2,Incremento tarifario,1,Oficina,238
2019-1,830122566,COLOMBIA TELECOMUNICACIONES S.A. E.S.P.,E2,Incremento tarifario,2,Línea Telefónica,13
2019-1,830122566,COLOMBIA TELECOMUNICACIONES S.A. E.S.P.,E2,Incremento tarifario,3,Página Web,5
2019-1,830122566,COLOMBIA TELECOMUNICACIONES S.A. E.S.P.,E3,Reporte a centrales de riesgo,1,Oficina,318
2019-1,830122566,COLOMBIA TELECOMUNICACIONES S.A. E.S.P.,E3,Reporte a centrales de riesgo,2,Línea Telefónica,1
2019-1,830122566,COLOMBIA TELECOMUNICACIONES S.A. E.S.P.,E3,Reporte a centrales de riesgo,3,Página Web,13
2019-1,830122566,COLOMBIA TELECOMUNICACIONES S.A. E.S.P.,E3,Reporte a centrales de riesgo,4,Red social,1
2019-1,830122566,COLOMBIA TELECOMUNICACIONES S.A. E.S.P.,E3,Reporte a centrales de riesgo,5,Otros,2
2019-1,830122566,COLOMBIA TELECOMUNICACIONES S.A. E.S.P.,E4,Cobro en proceso de reclamación,1,Oficina,185
2019-1,830122566,COLOMBIA TELECOMUNICACIONES S.A. E.S.P.,E4,Cobro en proceso de reclamación,2,Línea Telefónica,67
2019-1,830122566,COLOMBIA TELECOMUNICACIONES S.A. E.S.P.,E4,Cobro en proceso de reclamación,3,Página Web,58
2019-1,830122566,COLOMBIA TELECOMUNICACIONES S.A. E.S.P.,E8,Cobro por reconexión,1,Oficina,19325
2019-1,830122566,COLOMBIA TELECOMUNICACIONES S.A. E.S.P.,E8,Cobro por reconexión,2,Línea Telefónica,289
2019-1,830122566,COLOMBIA TELECOMUNICACIONES S.A. E.S.P.,E8,Cobro por reconexión,3,Página Web,86
2019-1,830122566,COLOMBIA TELECOMUNICACIONES S.A. E.S.P.,E8,Cobro por reconexión,4,Red social,2
2019-1,830122566,COLOMBIA TELECOMUNICACIONES S.A. E.S.P.,E8,Cobro por reconexión,5,Otros,3
2019-1,830122566,COLOMBIA TELECOMUNICACIONES S.A. E.S.P.,G1,Medios de atención al usuario,1,Oficina,511
2019-1,830122566,COLOMBIA TELECOMUNICACIONES S.A. E.S.P.,G1,Medios de atención al usuario,2,Línea Telefónica,1310
2019-1,830122566,COLOMBIA TELECOMUNICACIONES S.A. E.S.P.,G1,Medios de atención al usuario,3,Página Web,17
2019-1,830122566,COLOMBIA TELECOMUNICACIONES S.A. E.S.P.,G1,Medios de atención al usuario,4,Red social,4
2019-1,830122566,COLOMBIA TELECOMUNICACIONES S.A. E.S.P.,G1,Medios de atención al usuario,5,Otros,5
2019-1,830122566,COLOMBIA TELECOMUNICACIONES S.A. E.S.P.,H3,Garantía,1,Oficina,3
2019-1,830122566,COLOMBIA TELECOMUNICACIONES S.A. E.S.P.,I1,Otros,1,Oficina,219
2019-1,830122566,COLOMBIA TELECOMUNICACIONES S.A. E.S.P.,I1,Otros,2,Línea Telefónica,87
2019-1,830122566,COLOMBIA TELECOMUNICACIONES S.A. E.S.P.,I1,Otros,3,Página Web,113
2019-1,830122566,COLOMBIA TELECOMUNICACIONES S.A. E.S.P.,I1,Otros,4,Red social,1
2019-1,830122566,COLOMBIA TELECOMUNICACIONES S.A. E.S.P.,I1,Otros,5,Otros,1
2019-2,830122566,COLOMBIA TELECOMUNICACIONES S.A. E.S.P.,A1,Modificación condiciones acordadas,1,Oficina,96
2019-2,830122566,COLOMBIA TELECOMUNICACIONES S.A. E.S.P.,A1,Modificación condiciones acordadas,2,Línea Telefónica,56
2019-2,830122566,COLOMBIA TELECOMUNICACIONES S.A. E.S.P.,A1,Modificación condiciones acordadas,3,Página Web,112
2019-2,830122566,COLOMBIA TELECOMUNICACIONES S.A. E.S.P.,A2,Publicidad engañosa,1,Oficina,4485
2019-2,830122566,COLOMBIA TELECOMUNICACIONES S.A. E.S.P.,A2,Publicidad engañosa,2,Línea Telefónica,2042
2019-2,830122566,COLOMBIA TELECOMUNICACIONES S.A. E.S.P.,A2,Publicidad engañosa,3,Página Web,118
2019-2,830122566,COLOMBIA TELECOMUNICACIONES S.A. E.S.P.,A2,Publicidad engañosa,4,Red social,23
2019-2,830122566,COLOMBIA TELECOMUNICACIONES S.A. E.S.P.,A2,Publicidad engañosa,5,Otros,6
2019-2,830122566,COLOMBIA TELECOMUNICACIONES S.A. E.S.P.,A3,Servicios no solicitados,1,Oficina,3002
2019-2,830122566,COLOMBIA TELECOMUNICACIONES S.A. E.S.P.,A3,Servicios no solicitados,2,Línea Telefónica,2180
2019-2,830122566,COLOMBIA TELECOMUNICACIONES S.A. E.S.P.,A3,Servicios no solicitados,3,Página Web,35
2019-2,830122566,COLOMBIA TELECOMUNICACIONES S.A. E.S.P.,A3,Servicios no solicitados,4,Red social,19
2019-2,830122566,COLOMBIA TELECOMUNICACIONES S.A. E.S.P.,A4,Fraudes en contratación,1,Oficina,1913
2019-2,830122566,COLOMBIA TELECOMUNICACIONES S.A. E.S.P.,A4,Fraudes en contratación,2,Línea Telefónica,11
2019-2,830122566,COLOMBIA TELECOMUNICACIONES S.A. E.S.P.,A4,Fraudes en contratación,3,Página Web,57
2019-2,830122566,COLOMBIA TELECOMUNICACIONES S.A. E.S.P.,A4,Fraudes en contratación,5,Otros,3
2019-2,830122566,COLOMBIA TELECOMUNICACIONES S.A. E.S.P.,A5,Datos personales,1,Oficina,1
2019-2,830122566,COLOMBIA TELECOMUNICACIONES S.A. E.S.P.,A5,Datos personales,2,Línea Telefónica,1
2019-2,830122566,COLOMBIA TELECOMUNICACIONES S.A. E.S.P.,A5,Datos personales,3,Página Web,2
2019-2,830122566,COLOMBIA TELECOMUNICACIONES S.A. E.S.P.,B1,Imposibilidad terminación contrato,1,Oficina,760
2019-2,830122566,COLOMBIA TELECOMUNICACIONES S.A. E.S.P.,B1,Imposibilidad terminación contrato,2,Línea Telefónica,1000
2019-2,830122566,COLOMBIA TELECOMUNICACIONES S.A. E.S.P.,B1,Imposibilidad terminación contrato,3,Página Web,29
2019-2,830122566,COLOMBIA TELECOMUNICACIONES S.A. E.S.P.,B1,Imposibilidad terminación contrato,4,Red social,3
2019-2,830122566,COLOMBIA TELECOMUNICACIONES S.A. E.S.P.,B1,Imposibilidad terminación contrato,5,Otros,1
2019-2,830122566,COLOMBIA TELECOMUNICACIONES S.A. E.S.P.,B3,Cláusula de permanencia superior a 1 año,1,Oficina,546
2019-2,830122566,COLOMBIA TELECOMUNICACIONES S.A. E.S.P.,B3,Cláusula de permanencia superior a 1 año,2,Línea Telefónica,87
2019-2,830122566,COLOMBIA TELECOMUNICACIONES S.A. E.S.P.,B3,Cláusula de permanencia superior a 1 año,3,Página Web,35
2019-2,830122566,COLOMBIA TELECOMUNICACIONES S.A. E.S.P.,D1,No disponibilidad del servicio,1,Oficina,54341
2019-2,830122566,COLOMBIA TELECOMUNICACIONES S.A. E.S.P.,D1,No disponibilidad del servicio,2,Línea Telefónica,93479
2019-2,830122566,COLOMBIA TELECOMUNICACIONES S.A. E.S.P.,D1,No disponibilidad del servicio,3,Página Web,1643
2019-2,830122566,COLOMBIA TELECOMUNICACIONES S.A. E.S.P.,D1,No disponibilidad del servicio,4,Red social,1
2019-2,830122566,COLOMBIA TELECOMUNICACIONES S.A. E.S.P.,D1,No disponibilidad del servicio,5,Otros,4
2019-2,830122566,COLOMBIA TELECOMUNICACIONES S.A. E.S.P.,D3,No compensación informada,1,Oficina,309
2019-2,830122566,COLOMBIA TELECOMUNICACIONES S.A. E.S.P.,D3,No compensación informada,2,Línea Telefónica,12
2019-2,830122566,COLOMBIA TELECOMUNICACIONES S.A. E.S.P.,D3,No compensación informada,3,Página Web,3
2019-2,830122566,COLOMBIA TELECOMUNICACIONES S.A. E.S.P.,D3,No compensación informada,4,Red social,2
2019-2,830122566,COLOMBIA TELECOMUNICACIONES S.A. E.S.P.,D3,No compensación informada,5,Otros,1
2019-2,830122566,COLOMBIA TELECOMUNICACIONES S.A. E.S.P.,D4,Intermitencia,1,Oficina,273
2019-2,830122566,COLOMBIA TELECOMUNICACIONES S.A. E.S.P.,D4,Intermitencia,2,Línea Telefónica,16318
2019-2,830122566,COLOMBIA TELECOMUNICACIONES S.A. E.S.P.,D4,Intermitencia,3,Página Web,350
2019-2,830122566,COLOMBIA TELECOMUNICACIONES S.A. E.S.P.,D4,Intermitencia,5,Otros,146
2019-2,830122566,COLOMBIA TELECOMUNICACIONES S.A. E.S.P.,D6,Intento de llamada no exitosa,1,Oficina,129
2019-2,830122566,COLOMBIA TELECOMUNICACIONES S.A. E.S.P.,D6,Intento de llamada no exitosa,2,Línea Telefónica,46
2019-2,830122566,COLOMBIA TELECOMUNICACIONES S.A. E.S.P.,E1,Error factura/ Cobro o descuento injustificado,1,Oficina,1185
2019-2,830122566,COLOMBIA TELECOMUNICACIONES S.A. E.S.P.,E1,Error factura/ Cobro o descuento injustificado,2,Línea Telefónica,1043
2019-2,830122566,COLOMBIA TELECOMUNICACIONES S.A. E.S.P.,E1,Error factura/ Cobro o descuento injustificado,3,Página Web,54
2019-2,830122566,COLOMBIA TELECOMUNICACIONES S.A. E.S.P.,E1,Error factura/ Cobro o descuento injustificado,4,Red social,4
2019-2,830122566,COLOMBIA TELECOMUNICACIONES S.A. E.S.P.,E1,Error factura/ Cobro o descuento injustificado,5,Otros,1
2019-2,830122566,COLOMBIA TELECOMUNICACIONES S.A. E.S.P.,E2,Incremento tarifario,1,Oficina,391
2019-2,830122566,COLOMBIA TELECOMUNICACIONES S.A. E.S.P.,E2,Incremento tarifario,2,Línea Telefónica,108
2019-2,830122566,COLOMBIA TELECOMUNICACIONES S.A. E.S.P.,E2,Incremento tarifario,3,Página Web,19
2019-2,830122566,COLOMBIA TELECOMUNICACIONES S.A. E.S.P.,E2,Incremento tarifario,4,Red social,1
2019-2,830122566,COLOMBIA TELECOMUNICACIONES S.A. E.S.P.,E3,Reporte a centrales de riesgo,1,Oficina,374
2019-2,830122566,COLOMBIA TELECOMUNICACIONES S.A. E.S.P.,E3,Reporte a centrales de riesgo,3,Página Web,5
2019-2,830122566,COLOMBIA TELECOMUNICACIONES S.A. E.S.P.,E3,Reporte a centrales de riesgo,5,Otros,1
2019-2,830122566,COLOMBIA TELECOMUNICACIONES S.A. E.S.P.,E4,Cobro en proceso de reclamación,1,Oficina,187
2019-2,830122566,COLOMBIA TELECOMUNICACIONES S.A. E.S.P.,E4,Cobro en proceso de reclamación,2,Línea Telefónica,80
2019-2,830122566,COLOMBIA TELECOMUNICACIONES S.A. E.S.P.,E4,Cobro en proceso de reclamación,3,Página Web,39
2019-2,830122566,COLOMBIA TELECOMUNICACIONES S.A. E.S.P.,E8,Cobro por reconexión,1,Oficina,21022
2019-2,830122566,COLOMBIA TELECOMUNICACIONES S.A. E.S.P.,E8,Cobro por reconexión,2,Línea Telefónica,301
2019-2,830122566,COLOMBIA TELECOMUNICACIONES S.A. E.S.P.,E8,Cobro por reconexión,3,Página Web,112
2019-2,830122566,COLOMBIA TELECOMUNICACIONES S.A. E.S.P.,E8,Cobro por reconexión,4,Red social,1
2019-2,830122566,COLOMBIA TELECOMUNICACIONES S.A. E.S.P.,E8,Cobro por reconexión,5,Otros,1
2019-2,830122566,COLOMBIA TELECOMUNICACIONES S.A. E.S.P.,G1,Medios de atención al usuario,1,Oficina,383
2019-2,830122566,COLOMBIA TELECOMUNICACIONES S.A. E.S.P.,G1,Medios de atención al usuario,2,Línea Telefónica,1828
2019-2,830122566,COLOMBIA TELECOMUNICACIONES S.A. E.S.P.,G1,Medios de atención al usuario,3,Página Web,35
2019-2,830122566,COLOMBIA TELECOMUNICACIONES S.A. E.S.P.,G1,Medios de atención al usuario,4,Red social,3
2019-2,830122566,COLOMBIA TELECOMUNICACIONES S.A. E.S.P.,G1,Medios de atención al usuario,5,Otros,3
2019-2,830122566,COLOMBIA TELECOMUNICACIONES S.A. E.S.P.,H3,Garantía,1,Oficina,4
2019-2,830122566,COLOMBIA TELECOMUNICACIONES S.A. E.S.P.,H3,Garantía,2,Línea Telefónica,1
2019-2,830122566,COLOMBIA TELECOMUNICACIONES S.A. E.S.P.,H3,Garantía,3,Página Web,2
2019-2,830122566,COLOMBIA TELECOMUNICACIONES S.A. E.S.P.,I1,Otros,1,Oficina,238
2019-2,830122566,COLOMBIA TELECOMUNICACIONES S.A. E.S.P.,I1,Otros,2,Línea Telefónica,135
2019-2,830122566,COLOMBIA TELECOMUNICACIONES S.A. E.S.P.,I1,Otros,3,Página Web,172
2019-2,830122566,COLOMBIA TELECOMUNICACIONES S.A. E.S.P.,I1,Otros,4,Red social,3
2019-2,830122566,COLOMBIA TELECOMUNICACIONES S.A. E.S.P.,I1,Otros,5,Otros,1
2019-3,830122566,COLOMBIA TELECOMUNICACIONES S.A. E.S.P.,A1,Modificación condiciones acordadas,1,Oficina,103
2019-3,830122566,COLOMBIA TELECOMUNICACIONES S.A. E.S.P.,A1,Modificación condiciones acordadas,2,Línea Telefónica,63
2019-3,830122566,COLOMBIA TELECOMUNICACIONES S.A. E.S.P.,A1,Modificación condiciones acordadas,3,Página Web,101
2019-3,830122566,COLOMBIA TELECOMUNICACIONES S.A. E.S.P.,A1,Modificación condiciones acordadas,5,Otros,1
2019-3,830122566,COLOMBIA TELECOMUNICACIONES S.A. E.S.P.,A2,Publicidad engañosa,1,Oficina,6532
2019-3,830122566,COLOMBIA TELECOMUNICACIONES S.A. E.S.P.,A2,Publicidad engañosa,2,Línea Telefónica,7146
2019-3,830122566,COLOMBIA TELECOMUNICACIONES S.A. E.S.P.,A2,Publicidad engañosa,3,Página Web,128
2019-3,830122566,COLOMBIA TELECOMUNICACIONES S.A. E.S.P.,A2,Publicidad engañosa,4,Red social,45
2019-3,830122566,COLOMBIA TELECOMUNICACIONES S.A. E.S.P.,A2,Publicidad engañosa,5,Otros,2
2019-3,830122566,COLOMBIA TELECOMUNICACIONES S.A. E.S.P.,A3,Servicios no solicitados,1,Oficina,3670
2019-3,830122566,COLOMBIA TELECOMUNICACIONES S.A. E.S.P.,A3,Servicios no solicitados,2,Línea Telefónica,1579
2019-3,830122566,COLOMBIA TELECOMUNICACIONES S.A. E.S.P.,A3,Servicios no solicitados,3,Página Web,49
2019-3,830122566,COLOMBIA TELECOMUNICACIONES S.A. E.S.P.,A3,Servicios no solicitados,4,Red social,8
2019-3,830122566,COLOMBIA TELECOMUNICACIONES S.A. E.S.P.,A3,Servicios no solicitados,5,Otros,3
2019-3,830122566,COLOMBIA TELECOMUNICACIONES S.A. E.S.P.,A4,Fraudes en contratación,1,Oficina,2756
2019-3,830122566,COLOMBIA TELECOMUNICACIONES S.A. E.S.P.,A4,Fraudes en contratación,2,Línea Telefónica,13
2019-3,830122566,COLOMBIA TELECOMUNICACIONES S.A. E.S.P.,A4,Fraudes en contratación,3,Página Web,46
2019-3,830122566,COLOMBIA TELECOMUNICACIONES S.A. E.S.P.,A4,Fraudes en contratación,5,Otros,8
2019-3,830122566,COLOMBIA TELECOMUNICACIONES S.A. E.S.P.,A5,Datos personales,1,Oficina,2
2019-3,830122566,COLOMBIA TELECOMUNICACIONES S.A. E.S.P.,A5,Datos personales,2,Línea Telefónica,1
2019-3,830122566,COLOMBIA TELECOMUNICACIONES S.A. E.S.P.,A5,Datos personales,3,Página Web,1
2019-3,830122566,COLOMBIA TELECOMUNICACIONES S.A. E.S.P.,B1,Imposibilidad terminación contrato,1,Oficina,1078
2019-3,830122566,COLOMBIA TELECOMUNICACIONES S.A. E.S.P.,B1,Imposibilidad terminación contrato,2,Línea Telefónica,832
2019-3,830122566,COLOMBIA TELECOMUNICACIONES S.A. E.S.P.,B1,Imposibilidad terminación contrato,3,Página Web,54
2019-3,830122566,COLOMBIA TELECOMUNICACIONES S.A. E.S.P.,B1,Imposibilidad terminación contrato,4,Red social,3
2019-3,830122566,COLOMBIA TELECOMUNICACIONES S.A. E.S.P.,B3,Cláusula de permanencia superior a 1 año,1,Oficina,503
2019-3,830122566,COLOMBIA TELECOMUNICACIONES S.A. E.S.P.,B3,Cláusula de permanencia superior a 1 año,2,Línea Telefónica,103
2019-3,830122566,COLOMBIA TELECOMUNICACIONES S.A. E.S.P.,B3,Cláusula de permanencia superior a 1 año,3,Página Web,41
2019-3,830122566,COLOMBIA TELECOMUNICACIONES S.A. E.S.P.,B3,Cláusula de permanencia superior a 1 año,4,Red social,1
2019-3,830122566,COLOMBIA TELECOMUNICACIONES S.A. E.S.P.,B3,Cláusula de permanencia superior a 1 año,5,Otros,1
2019-3,830122566,COLOMBIA TELECOMUNICACIONES S.A. E.S.P.,D1,No disponibilidad del servicio,1,Oficina,65004
2019-3,830122566,COLOMBIA TELECOMUNICACIONES S.A. E.S.P.,D1,No disponibilidad del servicio,2,Línea Telefónica,80966
2019-3,830122566,COLOMBIA TELECOMUNICACIONES S.A. E.S.P.,D1,No disponibilidad del servicio,3,Página Web,1916
2019-3,830122566,COLOMBIA TELECOMUNICACIONES S.A. E.S.P.,D1,No disponibilidad del servicio,4,Red social,3
2019-3,830122566,COLOMBIA TELECOMUNICACIONES S.A. E.S.P.,D1,No disponibilidad del servicio,5,Otros,8
2019-3,830122566,COLOMBIA TELECOMUNICACIONES S.A. E.S.P.,D3,No compensación informada,1,Oficina,392
2019-3,830122566,COLOMBIA TELECOMUNICACIONES S.A. E.S.P.,D3,No compensación informada,2,Línea Telefónica,1432
2019-3,830122566,COLOMBIA TELECOMUNICACIONES S.A. E.S.P.,D3,No compensación informada,3,Página Web,11
2019-3,830122566,COLOMBIA TELECOMUNICACIONES S.A. E.S.P.,D3,No compensación informada,4,Red social,12
2019-3,830122566,COLOMBIA TELECOMUNICACIONES S.A. E.S.P.,D4,Intermitencia,1,Oficina,318
2019-3,830122566,COLOMBIA TELECOMUNICACIONES S.A. E.S.P.,D4,Intermitencia,2,Línea Telefónica,21053
2019-3,830122566,COLOMBIA TELECOMUNICACIONES S.A. E.S.P.,D4,Intermitencia,3,Página Web,385
2019-3,830122566,COLOMBIA TELECOMUNICACIONES S.A. E.S.P.,D4,Intermitencia,5,Otros,165
2019-3,830122566,COLOMBIA TELECOMUNICACIONES S.A. E.S.P.,D6,Intento de llamada no exitosa,1,Oficina,159
2019-3,830122566,COLOMBIA TELECOMUNICACIONES S.A. E.S.P.,D6,Intento de llamada no exitosa,2,Línea Telefónica,30
2019-3,830122566,COLOMBIA TELECOMUNICACIONES S.A. E.S.P.,E1,Error factura/ Cobro o descuento injustificado,1,Oficina,5406
2019-3,830122566,COLOMBIA TELECOMUNICACIONES S.A. E.S.P.,E1,Error factura/ Cobro o descuento injustificado,2,Línea Telefónica,976
2019-3,830122566,COLOMBIA TELECOMUNICACIONES S.A. E.S.P.,E1,Error factura/ Cobro o descuento injustificado,3,Página Web,63
2019-3,830122566,COLOMBIA TELECOMUNICACIONES S.A. E.S.P.,E1,Error factura/ Cobro o descuento injustificado,4,Red social,6
2019-3,830122566,COLOMBIA TELECOMUNICACIONES S.A. E.S.P.,E1,Error factura/ Cobro o descuento injustificado,5,Otros,3
2019-3,830122566,COLOMBIA TELECOMUNICACIONES S.A. E.S.P.,E2,Incremento tarifario,1,Oficina,539
2019-3,830122566,COLOMBIA TELECOMUNICACIONES S.A. E.S.P.,E2,Incremento tarifario,2,Línea Telefónica,488
2019-3,830122566,COLOMBIA TELECOMUNICACIONES S.A. E.S.P.,E2,Incremento tarifario,3,Página Web,13
2019-3,830122566,COLOMBIA TELECOMUNICACIONES S.A. E.S.P.,E2,Incremento tarifario,4,Red social,1
2019-3,830122566,COLOMBIA TELECOMUNICACIONES S.A. E.S.P.,E3,Reporte a centrales de riesgo,1,Oficina,498
2019-3,830122566,COLOMBIA TELECOMUNICACIONES S.A. E.S.P.,E3,Reporte a centrales de riesgo,2,Línea Telefónica,2
2019-3,830122566,COLOMBIA TELECOMUNICACIONES S.A. E.S.P.,E3,Reporte a centrales de riesgo,3,Página Web,14
2019-3,830122566,COLOMBIA TELECOMUNICACIONES S.A. E.S.P.,E4,Cobro en proceso de reclamación,1,Oficina,263
2019-3,830122566,COLOMBIA TELECOMUNICACIONES S.A. E.S.P.,E4,Cobro en proceso de reclamación,2,Línea Telefónica,29
2019-3,830122566,COLOMBIA TELECOMUNICACIONES S.A. E.S.P.,E4,Cobro en proceso de reclamación,3,Página Web,54
2019-3,830122566,COLOMBIA TELECOMUNICACIONES S.A. E.S.P.,E8,Cobro por reconexión,1,Oficina,26981
2019-3,830122566,COLOMBIA TELECOMUNICACIONES S.A. E.S.P.,E8,Cobro por reconexión,2,Línea Telefónica,5528
2019-3,830122566,COLOMBIA TELECOMUNICACIONES S.A. E.S.P.,E8,Cobro por reconexión,3,Página Web,176
2019-3,830122566,COLOMBIA TELECOMUNICACIONES S.A. E.S.P.,E8,Cobro por reconexión,4,Red social,13
2019-3,830122566,COLOMBIA TELECOMUNICACIONES S.A. E.S.P.,E8,Cobro por reconexión,5,Otros,10
2019-3,830122566,COLOMBIA TELECOMUNICACIONES S.A. E.S.P.,G1,Medios de atención al usuario,1,Oficina,300
2019-3,830122566,COLOMBIA TELECOMUNICACIONES S.A. E.S.P.,G1,Medios de atención al usuario,2,Línea Telefónica,2051
2019-3,830122566,COLOMBIA TELECOMUNICACIONES S.A. E.S.P.,G1,Medios de atención al usuario,3,Página Web,37
2019-3,830122566,COLOMBIA TELECOMUNICACIONES S.A. E.S.P.,G1,Medios de atención al usuario,4,Red social,2
2019-3,830122566,COLOMBIA TELECOMUNICACIONES S.A. E.S.P.,G1,Medios de atención al usuario,5,Otros,3
2019-3,830122566,COLOMBIA TELECOMUNICACIONES S.A. E.S.P.,H3,Garantía,1,Oficina,3
2019-3,830122566,COLOMBIA TELECOMUNICACIONES S.A. E.S.P.,H3,Garantía,2,Línea Telefónica,4
2019-3,830122566,COLOMBIA TELECOMUNICACIONES S.A. E.S.P.,I1,Otros,1,Oficina,361
2019-3,830122566,COLOMBIA TELECOMUNICACIONES S.A. E.S.P.,I1,Otros,2,Línea Telefónica,217
2019-3,830122566,COLOMBIA TELECOMUNICACIONES S.A. E.S.P.,I1,Otros,3,Página Web,190
2019-4,830122566,COLOMBIA TELECOMUNICACIONES S.A. E.S.P.,A1,Modificación condiciones acordadas,1,Oficina,78
2019-4,830122566,COLOMBIA TELECOMUNICACIONES S.A. E.S.P.,A1,Modificación condiciones acordadas,2,Línea Telefónica,23
2019-4,830122566,COLOMBIA TELECOMUNICACIONES S.A. E.S.P.,A1,Modificación condiciones acordadas,3,Página Web,62
2019-4,830122566,COLOMBIA TELECOMUNICACIONES S.A. E.S.P.,A2,Publicidad engañosa,1,Oficina,6777
2019-4,830122566,COLOMBIA TELECOMUNICACIONES S.A. E.S.P.,A2,Publicidad engañosa,2,Línea Telefónica,9075
2019-4,830122566,COLOMBIA TELECOMUNICACIONES S.A. E.S.P.,A2,Publicidad engañosa,3,Página Web,151
2019-4,830122566,COLOMBIA TELECOMUNICACIONES S.A. E.S.P.,A2,Publicidad engañosa,4,Red social,36
2019-4,830122566,COLOMBIA TELECOMUNICACIONES S.A. E.S.P.,A2,Publicidad engañosa,5,Otros,5
2019-4,830122566,COLOMBIA TELECOMUNICACIONES S.A. E.S.P.,A3,Servicios no solicitados,1,Oficina,2716
2019-4,830122566,COLOMBIA TELECOMUNICACIONES S.A. E.S.P.,A3,Servicios no solicitados,2,Línea Telefónica,1403
2019-4,830122566,COLOMBIA TELECOMUNICACIONES S.A. E.S.P.,A3,Servicios no solicitados,3,Página Web,34
2019-4,830122566,COLOMBIA TELECOMUNICACIONES S.A. E.S.P.,A3,Servicios no solicitados,4,Red social,4
2019-4,830122566,COLOMBIA TELECOMUNICACIONES S.A. E.S.P.,A3,Servicios no solicitados,5,Otros,3
2019-4,830122566,COLOMBIA TELECOMUNICACIONES S.A. E.S.P.,A4,Fraudes en contratación,1,Oficina,2392
2019-4,830122566,COLOMBIA TELECOMUNICACIONES S.A. E.S.P.,A4,Fraudes en contratación,2,Línea Telefónica,10
2019-4,830122566,COLOMBIA TELECOMUNICACIONES S.A. E.S.P.,A4,Fraudes en contratación,3,Página Web,77
2019-4,830122566,COLOMBIA TELECOMUNICACIONES S.A. E.S.P.,A4,Fraudes en contratación,5,Otros,5
2019-4,830122566,COLOMBIA TELECOMUNICACIONES S.A. E.S.P.,A5,Datos personales,1,Oficina,6
2019-4,830122566,COLOMBIA TELECOMUNICACIONES S.A. E.S.P.,A5,Datos personales,3,Página Web,1
2019-4,830122566,COLOMBIA TELECOMUNICACIONES S.A. E.S.P.,B1,Imposibilidad terminación contrato,1,Oficina,1104
2019-4,830122566,COLOMBIA TELECOMUNICACIONES S.A. E.S.P.,B1,Imposibilidad terminación contrato,2,Línea Telefónica,279
2019-4,830122566,COLOMBIA TELECOMUNICACIONES S.A. E.S.P.,B1,Imposibilidad terminación contrato,3,Página Web,159
2019-4,830122566,COLOMBIA TELECOMUNICACIONES S.A. E.S.P.,B1,Imposibilidad terminación contrato,4,Red social,4
2019-4,830122566,COLOMBIA TELECOMUNICACIONES S.A. E.S.P.,B1,Imposibilidad terminación contrato,5,Otros,4
2019-4,830122566,COLOMBIA TELECOMUNICACIONES S.A. E.S.P.,B3,Cláusula de permanencia superior a 1 año,1,Oficina,383
2019-4,830122566,COLOMBIA TELECOMUNICACIONES S.A. E.S.P.,B3,Cláusula de permanencia superior a 1 año,2,Línea Telefónica,88
2019-4,830122566,COLOMBIA TELECOMUNICACIONES S.A. E.S.P.,B3,Cláusula de permanencia superior a 1 año,3,Página Web,34
2019-4,830122566,COLOMBIA TELECOMUNICACIONES S.A. E.S.P.,B3,Cláusula de permanencia superior a 1 año,4,Red social,1
2019-4,830122566,COLOMBIA TELECOMUNICACIONES S.A. E.S.P.,B3,Cláusula de permanencia superior a 1 año,5,Otros,2
2019-4,830122566,COLOMBIA TELECOMUNICACIONES S.A. E.S.P.,D1,No disponibilidad del servicio,1,Oficina,57815
2019-4,830122566,COLOMBIA TELECOMUNICACIONES S.A. E.S.P.,D1,No disponibilidad del servicio,2,Línea Telefónica,81347
2019-4,830122566,COLOMBIA TELECOMUNICACIONES S.A. E.S.P.,D1,No disponibilidad del servicio,3,Página Web,1564
2019-4,830122566,COLOMBIA TELECOMUNICACIONES S.A. E.S.P.,D1,No disponibilidad del servicio,4,Red social,2
2019-4,830122566,COLOMBIA TELECOMUNICACIONES S.A. E.S.P.,D1,No disponibilidad del servicio,5,Otros,6
2019-4,830122566,COLOMBIA TELECOMUNICACIONES S.A. E.S.P.,D3,No compensación informada,1,Oficina,459
2019-4,830122566,COLOMBIA TELECOMUNICACIONES S.A. E.S.P.,D3,No compensación informada,2,Línea Telefónica,2424
2019-4,830122566,COLOMBIA TELECOMUNICACIONES S.A. E.S.P.,D3,No compensación informada,3,Página Web,11
2019-4,830122566,COLOMBIA TELECOMUNICACIONES S.A. E.S.P.,D4,Intermitencia,1,Oficina,234
2019-4,830122566,COLOMBIA TELECOMUNICACIONES S.A. E.S.P.,D4,Intermitencia,2,Línea Telefónica,23312
2019-4,830122566,COLOMBIA TELECOMUNICACIONES S.A. E.S.P.,D4,Intermitencia,3,Página Web,243
2019-4,830122566,COLOMBIA TELECOMUNICACIONES S.A. E.S.P.,D4,Intermitencia,5,Otros,108
2019-4,830122566,COLOMBIA TELECOMUNICACIONES S.A. E.S.P.,D6,Intento de llamada no exitosa,1,Oficina,121
2019-4,830122566,COLOMBIA TELECOMUNICACIONES S.A. E.S.P.,D6,Intento de llamada no exitosa,2,Línea Telefónica,55
2019-4,830122566,COLOMBIA TELECOMUNICACIONES S.A. E.S.P.,E1,Error factura/ Cobro o descuento injustificado,1,Oficina,4268
2019-4,830122566,COLOMBIA TELECOMUNICACIONES S.A. E.S.P.,E1,Error factura/ Cobro o descuento injustificado,2,Línea Telefónica,1449
2019-4,830122566,COLOMBIA TELECOMUNICACIONES S.A. E.S.P.,E1,Error factura/ Cobro o descuento injustificado,3,Página Web,57
2019-4,830122566,COLOMBIA TELECOMUNICACIONES S.A. E.S.P.,E1,Error factura/ Cobro o descuento injustificado,4,Red social,4
2019-4,830122566,COLOMBIA TELECOMUNICACIONES S.A. E.S.P.,E1,Error factura/ Cobro o descuento injustificado,5,Otros,4
2019-4,830122566,COLOMBIA TELECOMUNICACIONES S.A. E.S.P.,E2,Incremento tarifario,1,Oficina,431
2019-4,830122566,COLOMBIA TELECOMUNICACIONES S.A. E.S.P.,E2,Incremento tarifario,2,Línea Telefónica,308
2019-4,830122566,COLOMBIA TELECOMUNICACIONES S.A. E.S.P.,E2,Incremento tarifario,3,Página Web,6
2019-4,830122566,COLOMBIA TELECOMUNICACIONES S.A. E.S.P.,E3,Reporte a centrales de riesgo,1,Oficina,466
2019-4,830122566,COLOMBIA TELECOMUNICACIONES S.A. E.S.P.,E3,Reporte a centrales de riesgo,2,Línea Telefónica,3
2019-4,830122566,COLOMBIA TELECOMUNICACIONES S.A. E.S.P.,E3,Reporte a centrales de riesgo,3,Página Web,17
2019-4,830122566,COLOMBIA TELECOMUNICACIONES S.A. E.S.P.,E3,Reporte a centrales de riesgo,4,Red social,1
2019-4,830122566,COLOMBIA TELECOMUNICACIONES S.A. E.S.P.,E4,Cobro en proceso de reclamación,1,Oficina,249
2019-4,830122566,COLOMBIA TELECOMUNICACIONES S.A. E.S.P.,E4,Cobro en proceso de reclamación,2,Línea Telefónica,24
2019-4,830122566,COLOMBIA TELECOMUNICACIONES S.A. E.S.P.,E4,Cobro en proceso de reclamación,3,Página Web,59
2019-4,830122566,COLOMBIA TELECOMUNICACIONES S.A. E.S.P.,E8,Cobro por reconexión,1,Oficina,20475
2019-4,830122566,COLOMBIA TELECOMUNICACIONES S.A. E.S.P.,E8,Cobro por reconexión,2,Línea Telefónica,7628
2019-4,830122566,COLOMBIA TELECOMUNICACIONES S.A. E.S.P.,E8,Cobro por reconexión,3,Página Web,138
2019-4,830122566,COLOMBIA TELECOMUNICACIONES S.A. E.S.P.,E8,Cobro por reconexión,4,Red social,7
2019-4,830122566,COLOMBIA TELECOMUNICACIONES S.A. E.S.P.,E8,Cobro por reconexión,5,Otros,3
2019-4,830122566,COLOMBIA TELECOMUNICACIONES S.A. E.S.P.,G1,Medios de atención al usuario,1,Oficina,296
2019-4,830122566,COLOMBIA TELECOMUNICACIONES S.A. E.S.P.,G1,Medios de atención al usuario,2,Línea Telefónica,2420
2019-4,830122566,COLOMBIA TELECOMUNICACIONES S.A. E.S.P.,G1,Medios de atención al usuario,3,Página Web,40
2019-4,830122566,COLOMBIA TELECOMUNICACIONES S.A. E.S.P.,G1,Medios de atención al usuario,4,Red social,1
2019-4,830122566,COLOMBIA TELECOMUNICACIONES S.A. E.S.P.,G1,Medios de atención al usuario,5,Otros,2
2019-4,830122566,COLOMBIA TELECOMUNICACIONES S.A. E.S.P.,H3,Garantía,1,Oficina,4
2019-4,830122566,COLOMBIA TELECOMUNICACIONES S.A. E.S.P.,H3,Garantía,2,Línea Telefónica,8
2019-4,830122566,COLOMBIA TELECOMUNICACIONES S.A. E.S.P.,I1,Otros,1,Oficina,247
2019-4,830122566,COLOMBIA TELECOMUNICACIONES S.A. E.S.P.,I1,Otros,2,Línea Telefónica,164
2019-4,830122566,COLOMBIA TELECOMUNICACIONES S.A. E.S.P.,I1,Otros,3,Página Web,224
2020-1,830122566,COLOMBIA TELECOMUNICACIONES S.A. E.S.P.,A1,Modificación condiciones acordadas,1,Oficina,92
2020-1,830122566,COLOMBIA TELECOMUNICACIONES S.A. E.S.P.,A1,Modificación condiciones acordadas,2,Línea Telefónica,40
2020-1,830122566,COLOMBIA TELECOMUNICACIONES S.A. E.S.P.,A1,Modificación condiciones acordadas,3,Página Web,110
2020-1,830122566,COLOMBIA TELECOMUNICACIONES S.A. E.S.P.,A1,Modificación condiciones acordadas,5,Otros,2
2020-1,830122566,COLOMBIA TELECOMUNICACIONES S.A. E.S.P.,A2,Publicidad engañosa,1,Oficina,6797
2020-1,830122566,COLOMBIA TELECOMUNICACIONES S.A. E.S.P.,A2,Publicidad engañosa,2,Línea Telefónica,10273
2020-1,830122566,COLOMBIA TELECOMUNICACIONES S.A. E.S.P.,A2,Publicidad engañosa,3,Página Web,206
2020-1,830122566,COLOMBIA TELECOMUNICACIONES S.A. E.S.P.,A2,Publicidad engañosa,4,Red social,32
2020-1,830122566,COLOMBIA TELECOMUNICACIONES S.A. E.S.P.,A2,Publicidad engañosa,5,Otros,8
2020-1,830122566,COLOMBIA TELECOMUNICACIONES S.A. E.S.P.,A3,Servicios no solicitados,1,Oficina,2473
2020-1,830122566,COLOMBIA TELECOMUNICACIONES S.A. E.S.P.,A3,Servicios no solicitados,2,Línea Telefónica,1763
2020-1,830122566,COLOMBIA TELECOMUNICACIONES S.A. E.S.P.,A3,Servicios no solicitados,3,Página Web,32
2020-1,830122566,COLOMBIA TELECOMUNICACIONES S.A. E.S.P.,A3,Servicios no solicitados,4,Red social,3
2020-1,830122566,COLOMBIA TELECOMUNICACIONES S.A. E.S.P.,A4,Fraudes en contratación,1,Oficina,2048
2020-1,830122566,COLOMBIA TELECOMUNICACIONES S.A. E.S.P.,A4,Fraudes en contratación,2,Línea Telefónica,8
2020-1,830122566,COLOMBIA TELECOMUNICACIONES S.A. E.S.P.,A4,Fraudes en contratación,3,Página Web,57
2020-1,830122566,COLOMBIA TELECOMUNICACIONES S.A. E.S.P.,A4,Fraudes en contratación,5,Otros,4
2020-1,830122566,COLOMBIA TELECOMUNICACIONES S.A. E.S.P.,A5,Datos personales,1,Oficina,1
2020-1,830122566,COLOMBIA TELECOMUNICACIONES S.A. E.S.P.,A5,Datos personales,3,Página Web,1
2020-1,830122566,COLOMBIA TELECOMUNICACIONES S.A. E.S.P.,B1,Imposibilidad terminación contrato,1,Oficina,1113
2020-1,830122566,COLOMBIA TELECOMUNICACIONES S.A. E.S.P.,B1,Imposibilidad terminación contrato,2,Línea Telefónica,239
2020-1,830122566,COLOMBIA TELECOMUNICACIONES S.A. E.S.P.,B1,Imposibilidad terminación contrato,3,Página Web,703
2020-1,830122566,COLOMBIA TELECOMUNICACIONES S.A. E.S.P.,B1,Imposibilidad terminación contrato,4,Red social,2
2020-1,830122566,COLOMBIA TELECOMUNICACIONES S.A. E.S.P.,B3,Cláusula de permanencia superior a 1 año,1,Oficina,364
2020-1,830122566,COLOMBIA TELECOMUNICACIONES S.A. E.S.P.,B3,Cláusula de permanencia superior a 1 año,2,Línea Telefónica,110
2020-1,830122566,COLOMBIA TELECOMUNICACIONES S.A. E.S.P.,B3,Cláusula de permanencia superior a 1 año,3,Página Web,21
2020-1,830122566,COLOMBIA TELECOMUNICACIONES S.A. E.S.P.,B3,Cláusula de permanencia superior a 1 año,5,Otros,1
2020-1,830122566,COLOMBIA TELECOMUNICACIONES S.A. E.S.P.,D1,No disponibilidad del servicio,1,Oficina,49804
2020-1,830122566,COLOMBIA TELECOMUNICACIONES S.A. E.S.P.,D1,No disponibilidad del servicio,2,Línea Telefónica,90886
2020-1,830122566,COLOMBIA TELECOMUNICACIONES S.A. E.S.P.,D1,No disponibilidad del servicio,3,Página Web,1679
2020-1,830122566,COLOMBIA TELECOMUNICACIONES S.A. E.S.P.,D1,No disponibilidad del servicio,4,Red social,1
2020-1,830122566,COLOMBIA TELECOMUNICACIONES S.A. E.S.P.,D1,No disponibilidad del servicio,5,Otros,6
2020-1,830122566,COLOMBIA TELECOMUNICACIONES S.A. E.S.P.,D3,No compensación informada,1,Oficina,460
2020-1,830122566,COLOMBIA TELECOMUNICACIONES S.A. E.S.P.,D3,No compensación informada,2,Línea Telefónica,3169
2020-1,830122566,COLOMBIA TELECOMUNICACIONES S.A. E.S.P.,D3,No compensación informada,3,Página Web,15
2020-1,830122566,COLOMBIA TELECOMUNICACIONES S.A. E.S.P.,D3,No compensación informada,4,Red social,6
2020-1,830122566,COLOMBIA TELECOMUNICACIONES S.A. E.S.P.,D3,No compensación informada,5,Otros,2
2020-1,830122566,COLOMBIA TELECOMUNICACIONES S.A. E.S.P.,D4,Intermitencia,1,Oficina,147
2020-1,830122566,COLOMBIA TELECOMUNICACIONES S.A. E.S.P.,D4,Intermitencia,2,Línea Telefónica,22931
2020-1,830122566,COLOMBIA TELECOMUNICACIONES S.A. E.S.P.,D4,Intermitencia,3,Página Web,306
2020-1,830122566,COLOMBIA TELECOMUNICACIONES S.A. E.S.P.,D4,Intermitencia,5,Otros,121
2020-1,830122566,COLOMBIA TELECOMUNICACIONES S.A. E.S.P.,D6,Intento de llamada no exitosa,1,Oficina,157
2020-1,830122566,COLOMBIA TELECOMUNICACIONES S.A. E.S.P.,D6,Intento de llamada no exitosa,2,Línea Telefónica,65
2020-1,830122566,COLOMBIA TELECOMUNICACIONES S.A. E.S.P.,E1,Error factura/ Cobro o descuento injustificado,1,Oficina,3940
2020-1,830122566,COLOMBIA TELECOMUNICACIONES S.A. E.S.P.,E1,Error factura/ Cobro o descuento injustificado,2,Línea Telefónica,1853
2020-1,830122566,COLOMBIA TELECOMUNICACIONES S.A. E.S.P.,E1,Error factura/ Cobro o descuento injustificado,3,Página Web,157
2020-1,830122566,COLOMBIA TELECOMUNICACIONES S.A. E.S.P.,E1,Error factura/ Cobro o descuento injustificado,4,Red social,7
2020-1,830122566,COLOMBIA TELECOMUNICACIONES S.A. E.S.P.,E1,Error factura/ Cobro o descuento injustificado,5,Otros,6
2020-1,830122566,COLOMBIA TELECOMUNICACIONES S.A. E.S.P.,E2,Incremento tarifario,1,Oficina,381
2020-1,830122566,COLOMBIA TELECOMUNICACIONES S.A. E.S.P.,E2,Incremento tarifario,2,Línea Telefónica,323
2020-1,830122566,COLOMBIA TELECOMUNICACIONES S.A. E.S.P.,E2,Incremento tarifario,3,Página Web,25
2020-1,830122566,COLOMBIA TELECOMUNICACIONES S.A. E.S.P.,E3,Reporte a centrales de riesgo,1,Oficina,446
2020-1,830122566,COLOMBIA TELECOMUNICACIONES S.A. E.S.P.,E3,Reporte a centrales de riesgo,2,Línea Telefónica,13
2020-1,830122566,COLOMBIA TELECOMUNICACIONES S.A. E.S.P.,E3,Reporte a centrales de riesgo,3,Página Web,27
2020-1,830122566,COLOMBIA TELECOMUNICACIONES S.A. E.S.P.,E3,Reporte a centrales de riesgo,5,Otros,1
2020-1,830122566,COLOMBIA TELECOMUNICACIONES S.A. E.S.P.,E4,Cobro en proceso de reclamación,1,Oficina,258
2020-1,830122566,COLOMBIA TELECOMUNICACIONES S.A. E.S.P.,E4,Cobro en proceso de reclamación,2,Línea Telefónica,22
2020-1,830122566,COLOMBIA TELECOMUNICACIONES S.A. E.S.P.,E4,Cobro en proceso de reclamación,3,Página Web,148
2020-1,830122566,COLOMBIA TELECOMUNICACIONES S.A. E.S.P.,E4,Cobro en proceso de reclamación,4,Red social,1
2020-1,830122566,COLOMBIA TELECOMUNICACIONES S.A. E.S.P.,E8,Cobro por reconexión,1,Oficina,22968
2020-1,830122566,COLOMBIA TELECOMUNICACIONES S.A. E.S.P.,E8,Cobro por reconexión,2,Línea Telefónica,8089
2020-1,830122566,COLOMBIA TELECOMUNICACIONES S.A. E.S.P.,E8,Cobro por reconexión,3,Página Web,153
2020-1,830122566,COLOMBIA TELECOMUNICACIONES S.A. E.S.P.,E8,Cobro por reconexión,4,Red social,16
2020-1,830122566,COLOMBIA TELECOMUNICACIONES S.A. E.S.P.,E8,Cobro por reconexión,5,Otros,4
2020-1,830122566,COLOMBIA TELECOMUNICACIONES S.A. E.S.P.,G1,Medios de atención al usuario,1,Oficina,227
2020-1,830122566,COLOMBIA TELECOMUNICACIONES S.A. E.S.P.,G1,Medios de atención al usuario,2,Línea Telefónica,1949
2020-1,830122566,COLOMBIA TELECOMUNICACIONES S.A. E.S.P.,G1,Medios de atención al usuario,3,Página Web,93
2020-1,830122566,COLOMBIA TELECOMUNICACIONES S.A. E.S.P.,G1,Medios de atención al usuario,4,Red social,1
2020-1,830122566,COLOMBIA TELECOMUNICACIONES S.A. E.S.P.,G1,Medios de atención al usuario,5,Otros,4
2020-1,830122566,COLOMBIA TELECOMUNICACIONES S.A. E.S.P.,H3,Garantía,1,Oficina,3
2020-1,830122566,COLOMBIA TELECOMUNICACIONES S.A. E.S.P.,H3,Garantía,2,Línea Telefónica,4
2020-1,830122566,COLOMBIA TELECOMUNICACIONES S.A. E.S.P.,I1,Otros,1,Oficina,171
2020-1,830122566,COLOMBIA TELECOMUNICACIONES S.A. E.S.P.,I1,Otros,2,Línea Telefónica,106
2020-1,830122566,COLOMBIA TELECOMUNICACIONES S.A. E.S.P.,I1,Otros,3,Página Web,441
2020-1,830122566,COLOMBIA TELECOMUNICACIONES S.A. E.S.P.,I1,Otros,4,Red social,1
2020-1,830122566,COLOMBIA TELECOMUNICACIONES S.A. E.S.P.,I1,Otros,5,Otros,2
2020-2,830122566,COLOMBIA TELECOMUNICACIONES S.A. E.S.P.,A1,Modificación condiciones acordadas,1,Oficina,47
2020-2,830122566,COLOMBIA TELECOMUNICACIONES S.A. E.S.P.,A1,Modificación condiciones acordadas,2,Línea Telefónica,96
2020-2,830122566,COLOMBIA TELECOMUNICACIONES S.A. E.S.P.,A1,Modificación condiciones acordadas,3,Página Web,171
2020-2,830122566,COLOMBIA TELECOMUNICACIONES S.A. E.S.P.,A1,Modificación condiciones acordadas,5,Otros,18
2020-2,830122566,COLOMBIA TELECOMUNICACIONES S.A. E.S.P.,A2,Publicidad engañosa,1,Oficina,2197
2020-2,830122566,COLOMBIA TELECOMUNICACIONES S.A. E.S.P.,A2,Publicidad engañosa,2,Línea Telefónica,9572
2020-2,830122566,COLOMBIA TELECOMUNICACIONES S.A. E.S.P.,A2,Publicidad engañosa,3,Página Web,205
2020-2,830122566,COLOMBIA TELECOMUNICACIONES S.A. E.S.P.,A2,Publicidad engañosa,4,Red social,41
2020-2,830122566,COLOMBIA TELECOMUNICACIONES S.A. E.S.P.,A2,Publicidad engañosa,5,Otros,2
2020-2,830122566,COLOMBIA TELECOMUNICACIONES S.A. E.S.P.,A3,Servicios no solicitados,1,Oficina,740
2020-2,830122566,COLOMBIA TELECOMUNICACIONES S.A. E.S.P.,A3,Servicios no solicitados,2,Línea Telefónica,2866
2020-2,830122566,COLOMBIA TELECOMUNICACIONES S.A. E.S.P.,A3,Servicios no solicitados,3,Página Web,87
2020-2,830122566,COLOMBIA TELECOMUNICACIONES S.A. E.S.P.,A3,Servicios no solicitados,4,Red social,16
2020-2,830122566,COLOMBIA TELECOMUNICACIONES S.A. E.S.P.,A3,Servicios no solicitados,5,Otros,1
2020-2,830122566,COLOMBIA TELECOMUNICACIONES S.A. E.S.P.,A4,Fraudes en contratación,1,Oficina,409
2020-2,830122566,COLOMBIA TELECOMUNICACIONES S.A. E.S.P.,A4,Fraudes en contratación,2,Línea Telefónica,20
2020-2,830122566,COLOMBIA TELECOMUNICACIONES S.A. E.S.P.,A4,Fraudes en contratación,3,Página Web,29
2020-2,830122566,COLOMBIA TELECOMUNICACIONES S.A. E.S.P.,A5,Datos personales,2,Línea Telefónica,1
2020-2,830122566,COLOMBIA TELECOMUNICACIONES S.A. E.S.P.,A5,Datos personales,3,Página Web,5
2020-2,830122566,COLOMBIA TELECOMUNICACIONES S.A. E.S.P.,B1,Imposibilidad terminación contrato,1,Oficina,347
2020-2,830122566,COLOMBIA TELECOMUNICACIONES S.A. E.S.P.,B1,Imposibilidad terminación contrato,2,Línea Telefónica,358
2020-2,830122566,COLOMBIA TELECOMUNICACIONES S.A. E.S.P.,B1,Imposibilidad terminación contrato,3,Página Web,241
2020-2,830122566,COLOMBIA TELECOMUNICACIONES S.A. E.S.P.,B1,Imposibilidad terminación contrato,4,Red social,4
2020-2,830122566,COLOMBIA TELECOMUNICACIONES S.A. E.S.P.,B1,Imposibilidad terminación contrato,5,Otros,9
2020-2,830122566,COLOMBIA TELECOMUNICACIONES S.A. E.S.P.,B3,Cláusula de permanencia superior a 1 año,1,Oficina,70
2020-2,830122566,COLOMBIA TELECOMUNICACIONES S.A. E.S.P.,B3,Cláusula de permanencia superior a 1 año,2,Línea Telefónica,147
2020-2,830122566,COLOMBIA TELECOMUNICACIONES S.A. E.S.P.,B3,Cláusula de permanencia superior a 1 año,3,Página Web,20
2020-2,830122566,COLOMBIA TELECOMUNICACIONES S.A. E.S.P.,B4,Valor subsidiado o financiado,2,Línea Telefónica,1
2020-2,830122566,COLOMBIA TELECOMUNICACIONES S.A. E.S.P.,D1,No disponibilidad del servicio,1,Oficina,38772
2020-2,830122566,COLOMBIA TELECOMUNICACIONES S.A. E.S.P.,D1,No disponibilidad del servicio,2,Línea Telefónica,109450
2020-2,830122566,COLOMBIA TELECOMUNICACIONES S.A. E.S.P.,D1,No disponibilidad del servicio,3,Página Web,3635
2020-2,830122566,COLOMBIA TELECOMUNICACIONES S.A. E.S.P.,D1,No disponibilidad del servicio,4,Red social,5
2020-2,830122566,COLOMBIA TELECOMUNICACIONES S.A. E.S.P.,D1,No disponibilidad del servicio,5,Otros,113
2020-2,830122566,COLOMBIA TELECOMUNICACIONES S.A. E.S.P.,D3,No compensación informada,1,Oficina,90
2020-2,830122566,COLOMBIA TELECOMUNICACIONES S.A. E.S.P.,D3,No compensación informada,2,Línea Telefónica,3381
2020-2,830122566,COLOMBIA TELECOMUNICACIONES S.A. E.S.P.,D3,No compensación informada,3,Página Web,14
2020-2,830122566,COLOMBIA TELECOMUNICACIONES S.A. E.S.P.,D3,No compensación informada,4,Red social,3
2020-2,830122566,COLOMBIA TELECOMUNICACIONES S.A. E.S.P.,D4,Intermitencia,1,Oficina,141
2020-2,830122566,COLOMBIA TELECOMUNICACIONES S.A. E.S.P.,D4,Intermitencia,2,Línea Telefónica,22288
2020-2,830122566,COLOMBIA TELECOMUNICACIONES S.A. E.S.P.,D4,Intermitencia,3,Página Web,246
2020-2,830122566,COLOMBIA TELECOMUNICACIONES S.A. E.S.P.,D4,Intermitencia,5,Otros,56
2020-2,830122566,COLOMBIA TELECOMUNICACIONES S.A. E.S.P.,D5,No traslado a nuevo domicilio,1,Oficina,9
2020-2,830122566,COLOMBIA TELECOMUNICACIONES S.A. E.S.P.,D5,No traslado a nuevo domicilio,2,Línea Telefónica,8
2020-2,830122566,COLOMBIA TELECOMUNICACIONES S.A. E.S.P.,D6,Intento de llamada no exitosa,1,Oficina,99
2020-2,830122566,COLOMBIA TELECOMUNICACIONES S.A. E.S.P.,D6,Intento de llamada no exitosa,2,Línea Telefónica,79
2020-2,830122566,COLOMBIA TELECOMUNICACIONES S.A. E.S.P.,E1,Error factura/ Cobro o descuento injustificado,1,Oficina,2261
2020-2,830122566,COLOMBIA TELECOMUNICACIONES S.A. E.S.P.,E1,Error factura/ Cobro o descuento injustificado,2,Línea Telefónica,3739
2020-2,830122566,COLOMBIA TELECOMUNICACIONES S.A. E.S.P.,E1,Error factura/ Cobro o descuento injustificado,3,Página Web,129
2020-2,830122566,COLOMBIA TELECOMUNICACIONES S.A. E.S.P.,E1,Error factura/ Cobro o descuento injustificado,4,Red social,10
2020-2,830122566,COLOMBIA TELECOMUNICACIONES S.A. E.S.P.,E1,Error factura/ Cobro o descuento injustificado,5,Otros,83
2020-2,830122566,COLOMBIA TELECOMUNICACIONES S.A. E.S.P.,E2,Incremento tarifario,1,Oficina,95
2020-2,830122566,COLOMBIA TELECOMUNICACIONES S.A. E.S.P.,E2,Incremento tarifario,2,Línea Telefónica,412
2020-2,830122566,COLOMBIA TELECOMUNICACIONES S.A. E.S.P.,E2,Incremento tarifario,3,Página Web,20
2020-2,830122566,COLOMBIA TELECOMUNICACIONES S.A. E.S.P.,E2,Incremento tarifario,4,Red social,2
2020-2,830122566,COLOMBIA TELECOMUNICACIONES S.A. E.S.P.,E3,Reporte a centrales de riesgo,1,Oficina,46
2020-2,830122566,COLOMBIA TELECOMUNICACIONES S.A. E.S.P.,E3,Reporte a centrales de riesgo,2,Línea Telefónica,7
2020-2,830122566,COLOMBIA TELECOMUNICACIONES S.A. E.S.P.,E3,Reporte a centrales de riesgo,3,Página Web,11
2020-2,830122566,COLOMBIA TELECOMUNICACIONES S.A. E.S.P.,E3,Reporte a centrales de riesgo,5,Otros,2
2020-2,830122566,COLOMBIA TELECOMUNICACIONES S.A. E.S.P.,E4,Cobro en proceso de reclamación,1,Oficina,47
2020-2,830122566,COLOMBIA TELECOMUNICACIONES S.A. E.S.P.,E4,Cobro en proceso de reclamación,2,Línea Telefónica,70
2020-2,830122566,COLOMBIA TELECOMUNICACIONES S.A. E.S.P.,E4,Cobro en proceso de reclamación,3,Página Web,96
2020-2,830122566,COLOMBIA TELECOMUNICACIONES S.A. E.S.P.,E4,Cobro en proceso de reclamación,5,Otros,1
2020-2,830122566,COLOMBIA TELECOMUNICACIONES S.A. E.S.P.,E8,Cobro por reconexión,1,Oficina,7823
2020-2,830122566,COLOMBIA TELECOMUNICACIONES S.A. E.S.P.,E8,Cobro por reconexión,2,Línea Telefónica,7532
2020-2,830122566,COLOMBIA TELECOMUNICACIONES S.A. E.S.P.,E8,Cobro por reconexión,3,Página Web,122
2020-2,830122566,COLOMBIA TELECOMUNICACIONES S.A. E.S.P.,E8,Cobro por reconexión,4,Red social,62
2020-2,830122566,COLOMBIA TELECOMUNICACIONES S.A. E.S.P.,E8,Cobro por reconexión,5,Otros,6
2020-2,830122566,COLOMBIA TELECOMUNICACIONES S.A. E.S.P.,G1,Medios de atención al usuario,1,Oficina,89
2020-2,830122566,COLOMBIA TELECOMUNICACIONES S.A. E.S.P.,G1,Medios de atención al usuario,2,Línea Telefónica,1669
2020-2,830122566,COLOMBIA TELECOMUNICACIONES S.A. E.S.P.,G1,Medios de atención al usuario,3,Página Web,81
2020-2,830122566,COLOMBIA TELECOMUNICACIONES S.A. E.S.P.,G1,Medios de atención al usuario,5,Otros,2
2020-2,830122566,COLOMBIA TELECOMUNICACIONES S.A. E.S.P.,H3,Garantía,1,Oficina,1
2020-2,830122566,COLOMBIA TELECOMUNICACIONES S.A. E.S.P.,H3,Garantía,2,Línea Telefónica,8
2020-2,830122566,COLOMBIA TELECOMUNICACIONES S.A. E.S.P.,H3,Garantía,5,Otros,7
2020-2,830122566,COLOMBIA TELECOMUNICACIONES S.A. E.S.P.,H4,Reposición,2,Línea Telefónica,1
2020-2,830122566,COLOMBIA TELECOMUNICACIONES S.A. E.S.P.,I1,Otros,1,Oficina,154
2020-2,830122566,COLOMBIA TELECOMUNICACIONES S.A. E.S.P.,I1,Otros,2,Línea Telefónica,554
2020-2,830122566,COLOMBIA TELECOMUNICACIONES S.A. E.S.P.,I1,Otros,3,Página Web,359
2020-2,830122566,COLOMBIA TELECOMUNICACIONES S.A. E.S.P.,I1,Otros,5,Otros,15
2020-3,830122566,COLOMBIA TELECOMUNICACIONES S.A. E.S.P.,A1,Modificación condiciones acordadas,1,Oficina,245
2020-3,830122566,COLOMBIA TELECOMUNICACIONES S.A. E.S.P.,A1,Modificación condiciones acordadas,2,Línea Telefónica,774
2020-3,830122566,COLOMBIA TELECOMUNICACIONES S.A. E.S.P.,A1,Modificación condiciones acordadas,3,Página Web,23
2020-3,830122566,COLOMBIA TELECOMUNICACIONES S.A. E.S.P.,A1,Modificación condiciones acordadas,5,Otros,274
2020-3,830122566,COLOMBIA TELECOMUNICACIONES S.A. E.S.P.,A2,Publicidad engañosa,1,Oficina,678
2020-3,830122566,COLOMBIA TELECOMUNICACIONES S.A. E.S.P.,A2,Publicidad engañosa,2,Línea Telefónica,1312
2020-3,830122566,COLOMBIA TELECOMUNICACIONES S.A. E.S.P.,A2,Publicidad engañosa,3,Página Web,19
2020-3,830122566,COLOMBIA TELECOMUNICACIONES S.A. E.S.P.,A2,Publicidad engañosa,4,Red social,3
2020-3,830122566,COLOMBIA TELECOMUNICACIONES S.A. E.S.P.,A2,Publicidad engañosa,5,Otros,17
2020-3,830122566,COLOMBIA TELECOMUNICACIONES S.A. E.S.P.,A3,Servicios no solicitados,1,Oficina,169
2020-3,830122566,COLOMBIA TELECOMUNICACIONES S.A. E.S.P.,A3,Servicios no solicitados,2,Línea Telefónica,290
2020-3,830122566,COLOMBIA TELECOMUNICACIONES S.A. E.S.P.,A3,Servicios no solicitados,3,Página Web,9
2020-3,830122566,COLOMBIA TELECOMUNICACIONES S.A. E.S.P.,A4,Fraudes en contratación,1,Oficina,123
2020-3,830122566,COLOMBIA TELECOMUNICACIONES S.A. E.S.P.,A4,Fraudes en contratación,2,Línea Telefónica,2
2020-3,830122566,COLOMBIA TELECOMUNICACIONES S.A. E.S.P.,A4,Fraudes en contratación,3,Página Web,6
2020-3,830122566,COLOMBIA TELECOMUNICACIONES S.A. E.S.P.,A4,Fraudes en contratación,5,Otros,2
2020-3,830122566,COLOMBIA TELECOMUNICACIONES S.A. E.S.P.,A5,Datos personales,3,Página Web,1
2020-3,830122566,COLOMBIA TELECOMUNICACIONES S.A. E.S.P.,B1,Imposibilidad terminación contrato,1,Oficina,694
2020-3,830122566,COLOMBIA TELECOMUNICACIONES S.A. E.S.P.,B1,Imposibilidad terminación contrato,2,Línea Telefónica,667
2020-3,830122566,COLOMBIA TELECOMUNICACIONES S.A. E.S.P.,B1,Imposibilidad terminación contrato,3,Página Web,80
2020-3,830122566,COLOMBIA TELECOMUNICACIONES S.A. E.S.P.,B1,Imposibilidad terminación contrato,5,Otros,119
2020-3,830122566,COLOMBIA TELECOMUNICACIONES S.A. E.S.P.,B3,Cláusula de permanencia superior a 1 año,1,Oficina,26
2020-3,830122566,COLOMBIA TELECOMUNICACIONES S.A. E.S.P.,B3,Cláusula de permanencia superior a 1 año,2,Línea Telefónica,13
2020-3,830122566,COLOMBIA TELECOMUNICACIONES S.A. E.S.P.,B3,Cláusula de permanencia superior a 1 año,3,Página Web,2
2020-3,830122566,COLOMBIA TELECOMUNICACIONES S.A. E.S.P.,B4,Valor subsidiado o financiado,1,Oficina,3
2020-3,830122566,COLOMBIA TELECOMUNICACIONES S.A. E.S.P.,B4,Valor subsidiado o financiado,2,Línea Telefónica,3
2020-3,830122566,COLOMBIA TELECOMUNICACIONES S.A. E.S.P.,B7,Cambio pospago a prepago,1,Oficina,267
2020-3,830122566,COLOMBIA TELECOMUNICACIONES S.A. E.S.P.,B7,Cambio pospago a prepago,5,Otros,18
2020-3,830122566,COLOMBIA TELECOMUNICACIONES S.A. E.S.P.,D1,No disponibilidad del servicio,1,Oficina,27945
2020-3,830122566,COLOMBIA TELECOMUNICACIONES S.A. E.S.P.,D1,No disponibilidad del servicio,2,Línea Telefónica,102784
2020-3,830122566,COLOMBIA TELECOMUNICACIONES S.A. E.S.P.,D1,No disponibilidad del servicio,3,Página Web,298
2020-3,830122566,COLOMBIA TELECOMUNICACIONES S.A. E.S.P.,D1,No disponibilidad del servicio,5,Otros,2746
2020-3,830122566,COLOMBIA TELECOMUNICACIONES S.A. E.S.P.,D3,No compensación informada,1,Oficina,14
2020-3,830122566,COLOMBIA TELECOMUNICACIONES S.A. E.S.P.,D3,No compensación informada,2,Línea Telefónica,514
2020-3,830122566,COLOMBIA TELECOMUNICACIONES S.A. E.S.P.,D3,No compensación informada,3,Página Web,7
2020-3,830122566,COLOMBIA TELECOMUNICACIONES S.A. E.S.P.,D4,Intermitencia,1,Oficina,10427
2020-3,830122566,COLOMBIA TELECOMUNICACIONES S.A. E.S.P.,D4,Intermitencia,2,Línea Telefónica,46954
2020-3,830122566,COLOMBIA TELECOMUNICACIONES S.A. E.S.P.,D4,Intermitencia,3,Página Web,198
2020-3,830122566,COLOMBIA TELECOMUNICACIONES S.A. E.S.P.,D4,Intermitencia,5,Otros,1111
2020-3,830122566,COLOMBIA TELECOMUNICACIONES S.A. E.S.P.,D5,No traslado a nuevo domicilio,1,Oficina,8
2020-3,830122566,COLOMBIA TELECOMUNICACIONES S.A. E.S.P.,D5,No traslado a nuevo domicilio,2,Línea Telefónica,11
2020-3,830122566,COLOMBIA TELECOMUNICACIONES S.A. E.S.P.,D6,Intento de llamada no exitosa,1,Oficina,13
2020-3,830122566,COLOMBIA TELECOMUNICACIONES S.A. E.S.P.,D6,Intento de llamada no exitosa,2,Línea Telefónica,12
2020-3,830122566,COLOMBIA TELECOMUNICACIONES S.A. E.S.P.,E1,Error factura/ Cobro o descuento injustificado,1,Oficina,11387
2020-3,830122566,COLOMBIA TELECOMUNICACIONES S.A. E.S.P.,E1,Error factura/ Cobro o descuento injustificado,2,Línea Telefónica,11733
2020-3,830122566,COLOMBIA TELECOMUNICACIONES S.A. E.S.P.,E1,Error factura/ Cobro o descuento injustificado,3,Página Web,13
2020-3,830122566,COLOMBIA TELECOMUNICACIONES S.A. E.S.P.,E1,Error factura/ Cobro o descuento injustificado,5,Otros,1707
2020-3,830122566,COLOMBIA TELECOMUNICACIONES S.A. E.S.P.,E2,Incremento tarifario,1,Oficina,10
2020-3,830122566,COLOMBIA TELECOMUNICACIONES S.A. E.S.P.,E2,Incremento tarifario,2,Línea Telefónica,60
2020-3,830122566,COLOMBIA TELECOMUNICACIONES S.A. E.S.P.,E2,Incremento tarifario,3,Página Web,2
2020-3,830122566,COLOMBIA TELECOMUNICACIONES S.A. E.S.P.,E2,Incremento tarifario,4,Red social,1
2020-3,830122566,COLOMBIA TELECOMUNICACIONES S.A. E.S.P.,E3,Reporte a centrales de riesgo,1,Oficina,67
2020-3,830122566,COLOMBIA TELECOMUNICACIONES S.A. E.S.P.,E3,Reporte a centrales de riesgo,2,Línea Telefónica,14
2020-3,830122566,COLOMBIA TELECOMUNICACIONES S.A. E.S.P.,E3,Reporte a centrales de riesgo,3,Página Web,10
2020-3,830122566,COLOMBIA TELECOMUNICACIONES S.A. E.S.P.,E3,Reporte a centrales de riesgo,5,Otros,96
2020-3,830122566,COLOMBIA TELECOMUNICACIONES S.A. E.S.P.,E4,Cobro en proceso de reclamación,1,Oficina,24
2020-3,830122566,COLOMBIA TELECOMUNICACIONES S.A. E.S.P.,E4,Cobro en proceso de reclamación,2,Línea Telefónica,146
2020-3,830122566,COLOMBIA TELECOMUNICACIONES S.A. E.S.P.,E4,Cobro en proceso de reclamación,3,Página Web,31
2020-3,830122566,COLOMBIA TELECOMUNICACIONES S.A. E.S.P.,E7,Fraude en facturación,5,Otros,1
2020-3,830122566,COLOMBIA TELECOMUNICACIONES S.A. E.S.P.,E8,Cobro por reconexión,1,Oficina,1835
2020-3,830122566,COLOMBIA TELECOMUNICACIONES S.A. E.S.P.,E8,Cobro por reconexión,2,Línea Telefónica,1215
2020-3,830122566,COLOMBIA TELECOMUNICACIONES S.A. E.S.P.,E8,Cobro por reconexión,3,Página Web,16
2020-3,830122566,COLOMBIA TELECOMUNICACIONES S.A. E.S.P.,E8,Cobro por reconexión,4,Red social,1
2020-3,830122566,COLOMBIA TELECOMUNICACIONES S.A. E.S.P.,G1,Medios de atención al usuario,1,Oficina,56
2020-3,830122566,COLOMBIA TELECOMUNICACIONES S.A. E.S.P.,G1,Medios de atención al usuario,2,Línea Telefónica,632
2020-3,830122566,COLOMBIA TELECOMUNICACIONES S.A. E.S.P.,G1,Medios de atención al usuario,3,Página Web,5
2020-3,830122566,COLOMBIA TELECOMUNICACIONES S.A. E.S.P.,G1,Medios de atención al usuario,5,Otros,50
2020-3,830122566,COLOMBIA TELECOMUNICACIONES S.A. E.S.P.,H3,Garantía,1,Oficina,15
2020-3,830122566,COLOMBIA TELECOMUNICACIONES S.A. E.S.P.,H3,Garantía,2,Línea Telefónica,68
2020-3,830122566,COLOMBIA TELECOMUNICACIONES S.A. E.S.P.,H3,Garantía,5,Otros,131
2020-3,830122566,COLOMBIA TELECOMUNICACIONES S.A. E.S.P.,H4,Reposición,2,Línea Telefónica,2
2020-3,830122566,COLOMBIA TELECOMUNICACIONES S.A. E.S.P.,I1,Otros,1,Oficina,1611
2020-3,830122566,COLOMBIA TELECOMUNICACIONES S.A. E.S.P.,I1,Otros,2,Línea Telefónica,4603
2020-3,830122566,COLOMBIA TELECOMUNICACIONES S.A. E.S.P.,I1,Otros,3,Página Web,62
2020-3,830122566,COLOMBIA TELECOMUNICACIONES S.A. E.S.P.,I1,Otros,5,Otros,586
2020-4,830122566,COLOMBIA TELECOMUNICACIONES S.A. E.S.P.,A1,Modificación condiciones acordadas,1,Oficina,1736
2020-4,830122566,COLOMBIA TELECOMUNICACIONES S.A. E.S.P.,A1,Modificación condiciones acordadas,2,Línea Telefónica,3764
2020-4,830122566,COLOMBIA TELECOMUNICACIONES S.A. E.S.P.,A1,Modificación condiciones acordadas,5,Otros,396
2020-4,830122566,COLOMBIA TELECOMUNICACIONES S.A. E.S.P.,A2,Publicidad engañosa,1,Oficina,47
2020-4,830122566,COLOMBIA TELECOMUNICACIONES S.A. E.S.P.,A2,Publicidad engañosa,2,Línea Telefónica,135
2020-4,830122566,COLOMBIA TELECOMUNICACIONES S.A. E.S.P.,A2,Publicidad engañosa,5,Otros,11
2020-4,830122566,COLOMBIA TELECOMUNICACIONES S.A. E.S.P.,B1,Imposibilidad terminación contrato,1,Oficina,806
2020-4,830122566,COLOMBIA TELECOMUNICACIONES S.A. E.S.P.,B1,Imposibilidad terminación contrato,2,Línea Telefónica,676
2020-4,830122566,COLOMBIA TELECOMUNICACIONES S.A. E.S.P.,B1,Imposibilidad terminación contrato,5,Otros,154
2020-4,830122566,COLOMBIA TELECOMUNICACIONES S.A. E.S.P.,B4,Valor subsidiado o financiado,1,Oficina,4
2020-4,830122566,COLOMBIA TELECOMUNICACIONES S.A. E.S.P.,D1,No disponibilidad del servicio,1,Oficina,17459
2020-4,830122566,COLOMBIA TELECOMUNICACIONES S.A. E.S.P.,D1,No disponibilidad del servicio,2,Línea Telefónica,130233
2020-4,830122566,COLOMBIA TELECOMUNICACIONES S.A. E.S.P.,D1,No disponibilidad del servicio,3,Página Web,104
2020-4,830122566,COLOMBIA TELECOMUNICACIONES S.A. E.S.P.,D1,No disponibilidad del servicio,5,Otros,2541
2020-4,830122566,COLOMBIA TELECOMUNICACIONES S.A. E.S.P.,D4,Intermitencia,1,Oficina,4497
2020-4,830122566,COLOMBIA TELECOMUNICACIONES S.A. E.S.P.,D4,Intermitencia,2,Línea Telefónica,60519
2020-4,830122566,COLOMBIA TELECOMUNICACIONES S.A. E.S.P.,D4,Intermitencia,3,Página Web,202
2020-4,830122566,COLOMBIA TELECOMUNICACIONES S.A. E.S.P.,D4,Intermitencia,5,Otros,277
2020-4,830122566,COLOMBIA TELECOMUNICACIONES S.A. E.S.P.,D5,No traslado a nuevo domicilio,1,Oficina,11
2020-4,830122566,COLOMBIA TELECOMUNICACIONES S.A. E.S.P.,D5,No traslado a nuevo domicilio,2,Línea Telefónica,8
2020-4,830122566,COLOMBIA TELECOMUNICACIONES S.A. E.S.P.,E1,Error factura/ Cobro o descuento injustificado,1,Oficina,17420
2020-4,830122566,COLOMBIA TELECOMUNICACIONES S.A. E.S.P.,E1,Error factura/ Cobro o descuento injustificado,2,Línea Telefónica,19176
2020-4,830122566,COLOMBIA TELECOMUNICACIONES S.A. E.S.P.,E1,Error factura/ Cobro o descuento injustificado,5,Otros,2145
2020-4,830122566,COLOMBIA TELECOMUNICACIONES S.A. E.S.P.,E3,Reporte a centrales de riesgo,1,Oficina,20
2020-4,830122566,COLOMBIA TELECOMUNICACIONES S.A. E.S.P.,E3,Reporte a centrales de riesgo,2,Línea Telefónica,29
2020-4,830122566,COLOMBIA TELECOMUNICACIONES S.A. E.S.P.,E3,Reporte a centrales de riesgo,5,Otros,72
2020-4,830122566,COLOMBIA TELECOMUNICACIONES S.A. E.S.P.,E4,Cobro en proceso de reclamación,1,Oficina,8
2020-4,830122566,COLOMBIA TELECOMUNICACIONES S.A. E.S.P.,E4,Cobro en proceso de reclamación,2,Línea Telefónica,101
2020-4,830122566,COLOMBIA TELECOMUNICACIONES S.A. E.S.P.,E8,Cobro por reconexión,1,Oficina,6
2020-4,830122566,COLOMBIA TELECOMUNICACIONES S.A. E.S.P.,E8,Cobro por reconexión,2,Línea Telefónica,7
2020-4,830122566,COLOMBIA TELECOMUNICACIONES S.A. E.S.P.,G1,Medios de atención al usuario,1,Oficina,28
2020-4,830122566,COLOMBIA TELECOMUNICACIONES S.A. E.S.P.,G1,Medios de atención al usuario,2,Línea Telefónica,596
2020-4,830122566,COLOMBIA TELECOMUNICACIONES S.A. E.S.P.,G1,Medios de atención al usuario,5,Otros,48
2020-4,830122566,COLOMBIA TELECOMUNICACIONES S.A. E.S.P.,H3,Garantía,2,Línea Telefónica,88
2020-4,830122566,COLOMBIA TELECOMUNICACIONES S.A. E.S.P.,H3,Garantía,5,Otros,83
2020-4,830122566,COLOMBIA TELECOMUNICACIONES S.A. E.S.P.,I1,Otros,1,Oficina,1408
2020-4,830122566,COLOMBIA TELECOMUNICACIONES S.A. E.S.P.,I1,Otros,2,Línea Telefónica,5823
2020-4,830122566,COLOMBIA TELECOMUNICACIONES S.A. E.S.P.,I1,Otros,5,Otros,535
2021-1,830122566,COLOMBIA TELECOMUNICACIONES S.A. E.S.P.,A1,Modificación condiciones acordadas,1,Oficina,2121
2021-1,830122566,COLOMBIA TELECOMUNICACIONES S.A. E.S.P.,A1,Modificación condiciones acordadas,2,Línea Telefónica,3652
2021-1,830122566,COLOMBIA TELECOMUNICACIONES S.A. E.S.P.,A1,Modificación condiciones acordadas,5,Otros,178
2021-1,830122566,COLOMBIA TELECOMUNICACIONES S.A. E.S.P.,A2,Publicidad engañosa,1,Oficina,40
2021-1,830122566,COLOMBIA TELECOMUNICACIONES S.A. E.S.P.,A2,Publicidad engañosa,2,Línea Telefónica,134
2021-1,830122566,COLOMBIA TELECOMUNICACIONES S.A. E.S.P.,A2,Publicidad engañosa,5,Otros,4
2021-1,830122566,COLOMBIA TELECOMUNICACIONES S.A. E.S.P.,B1,Imposibilidad terminación contrato,1,Oficina,588
2021-1,830122566,COLOMBIA TELECOMUNICACIONES S.A. E.S.P.,B1,Imposibilidad terminación contrato,2,Línea Telefónica,264
2021-1,830122566,COLOMBIA TELECOMUNICACIONES S.A. E.S.P.,B1,Imposibilidad terminación contrato,5,Otros,45
2021-1,830122566,COLOMBIA TELECOMUNICACIONES S.A. E.S.P.,B4,Valor subsidiado o financiado,2,Línea Telefónica,1
2021-1,830122566,COLOMBIA TELECOMUNICACIONES S.A. E.S.P.,D1,No disponibilidad del servicio,1,Oficina,25759
2021-1,830122566,COLOMBIA TELECOMUNICACIONES S.A. E.S.P.,D1,No disponibilidad del servicio,2,Línea Telefónica,128857
2021-1,830122566,COLOMBIA TELECOMUNICACIONES S.A. E.S.P.,D1,No disponibilidad del servicio,3,Página Web,122
2021-1,830122566,COLOMBIA TELECOMUNICACIONES S.A. E.S.P.,D1,No disponibilidad del servicio,5,Otros,1800
2021-1,830122566,COLOMBIA TELECOMUNICACIONES S.A. E.S.P.,D4,Intermitencia,1,Oficina,7973
2021-1,830122566,COLOMBIA TELECOMUNICACIONES S.A. E.S.P.,D4,Intermitencia,2,Línea Telefónica,62046
2021-1,830122566,COLOMBIA TELECOMUNICACIONES S.A. E.S.P.,D4,Intermitencia,3,Página Web,199
2021-1,830122566,COLOMBIA TELECOMUNICACIONES S.A. E.S.P.,D4,Intermitencia,5,Otros,92
2021-1,830122566,COLOMBIA TELECOMUNICACIONES S.A. E.S.P.,D5,No traslado a nuevo domicilio,1,Oficina,16
2021-1,830122566,COLOMBIA TELECOMUNICACIONES S.A. E.S.P.,D5,No traslado a nuevo domicilio,2,Línea Telefónica,4
2021-1,830122566,COLOMBIA TELECOMUNICACIONES S.A. E.S.P.,E1,Error factura/ Cobro o descuento injustificado,1,Oficina,22197
2021-1,830122566,COLOMBIA TELECOMUNICACIONES S.A. E.S.P.,E1,Error factura/ Cobro o descuento injustificado,2,Línea Telefónica,23296
2021-1,830122566,COLOMBIA TELECOMUNICACIONES S.A. E.S.P.,E1,Error factura/ Cobro o descuento injustificado,3,Página Web,1
2021-1,830122566,COLOMBIA TELECOMUNICACIONES S.A. E.S.P.,E1,Error factura/ Cobro o descuento injustificado,5,Otros,1452
2021-1,830122566,COLOMBIA TELECOMUNICACIONES S.A. E.S.P.,E3,Reporte a centrales de riesgo,1,Oficina,30
2021-1,830122566,COLOMBIA TELECOMUNICACIONES S.A. E.S.P.,E3,Reporte a centrales de riesgo,2,Línea Telefónica,21
2021-1,830122566,COLOMBIA TELECOMUNICACIONES S.A. E.S.P.,E3,Reporte a centrales de riesgo,5,Otros,83
2021-1,830122566,COLOMBIA TELECOMUNICACIONES S.A. E.S.P.,E4,Cobro en proceso de reclamación,1,Oficina,5
2021-1,830122566,COLOMBIA TELECOMUNICACIONES S.A. E.S.P.,E4,Cobro en proceso de reclamación,2,Línea Telefónica,84
2021-1,830122566,COLOMBIA TELECOMUNICACIONES S.A. E.S.P.,E8,Cobro por reconexión,1,Oficina,4
2021-1,830122566,COLOMBIA TELECOMUNICACIONES S.A. E.S.P.,E8,Cobro por reconexión,2,Línea Telefónica,18
2021-1,830122566,COLOMBIA TELECOMUNICACIONES S.A. E.S.P.,G1,Medios de atención al usuario,1,Oficina,33
2021-1,830122566,COLOMBIA TELECOMUNICACIONES S.A. E.S.P.,G1,Medios de atención al usuario,2,Línea Telefónica,511
2021-1,830122566,COLOMBIA TELECOMUNICACIONES S.A. E.S.P.,G1,Medios de atención al usuario,5,Otros,26
2021-1,830122566,COLOMBIA TELECOMUNICACIONES S.A. E.S.P.,H3,Garantía,1,Oficina,3
2021-1,830122566,COLOMBIA TELECOMUNICACIONES S.A. E.S.P.,H3,Garantía,2,Línea Telefónica,97
2021-1,830122566,COLOMBIA TELECOMUNICACIONES S.A. E.S.P.,H3,Garantía,5,Otros,22
2021-1,830122566,COLOMBIA TELECOMUNICACIONES S.A. E.S.P.,I1,Otros,1,Oficina,377
2021-1,830122566,COLOMBIA TELECOMUNICACIONES S.A. E.S.P.,I1,Otros,2,Línea Telefónica,365
2021-1,830122566,COLOMBIA TELECOMUNICACIONES S.A. E.S.P.,I1,Otros,5,Otros,62
2021-2,830122566,COLOMBIA TELECOMUNICACIONES S.A. E.S.P.,A1,Modificación condiciones acordadas,1,Oficina,1913
2021-2,830122566,COLOMBIA TELECOMUNICACIONES S.A. E.S.P.,A1,Modificación condiciones acordadas,2,Línea Telefónica,3676
2021-2,830122566,COLOMBIA TELECOMUNICACIONES S.A. E.S.P.,A1,Modificación condiciones acordadas,5,Otros,359
2021-2,830122566,COLOMBIA TELECOMUNICACIONES S.A. E.S.P.,A2,Publicidad engañosa,1,Oficina,62
2021-2,830122566,COLOMBIA TELECOMUNICACIONES S.A. E.S.P.,A2,Publicidad engañosa,2,Línea Telefónica,94
2021-2,830122566,COLOMBIA TELECOMUNICACIONES S.A. E.S.P.,A2,Publicidad engañosa,5,Otros,4
2021-2,830122566,COLOMBIA TELECOMUNICACIONES S.A. E.S.P.,B1,Imposibilidad terminación contrato,1,Oficina,365
2021-2,830122566,COLOMBIA TELECOMUNICACIONES S.A. E.S.P.,B1,Imposibilidad terminación contrato,2,Línea Telefónica,151
2021-2,830122566,COLOMBIA TELECOMUNICACIONES S.A. E.S.P.,B1,Imposibilidad terminación contrato,5,Otros,47
2021-2,830122566,COLOMBIA TELECOMUNICACIONES S.A. E.S.P.,B4,Valor subsidiado o financiado,2,Línea Telefónica,1
2021-2,830122566,COLOMBIA TELECOMUNICACIONES S.A. E.S.P.,D1,No disponibilidad del servicio,1,Oficina,8129
2021-2,830122566,COLOMBIA TELECOMUNICACIONES S.A. E.S.P.,D1,No disponibilidad del servicio,2,Línea Telefónica,163043
2021-2,830122566,COLOMBIA TELECOMUNICACIONES S.A. E.S.P.,D1,No disponibilidad del servicio,3,Página Web,116
2021-2,830122566,COLOMBIA TELECOMUNICACIONES S.A. E.S.P.,D1,No disponibilidad del servicio,5,Otros,2412
2021-2,830122566,COLOMBIA TELECOMUNICACIONES S.A. E.S.P.,D4,Intermitencia,1,Oficina,105
2021-2,830122566,COLOMBIA TELECOMUNICACIONES S.A. E.S.P.,D4,Intermitencia,2,Línea Telefónica,55702
2021-2,830122566,COLOMBIA TELECOMUNICACIONES S.A. E.S.P.,D4,Intermitencia,3,Página Web,273
2021-2,830122566,COLOMBIA TELECOMUNICACIONES S.A. E.S.P.,D4,Intermitencia,5,Otros,103
2021-2,830122566,COLOMBIA TELECOMUNICACIONES S.A. E.S.P.,D5,No traslado a nuevo domicilio,1,Oficina,8
2021-2,830122566,COLOMBIA TELECOMUNICACIONES S.A. E.S.P.,D5,No traslado a nuevo domicilio,2,Línea Telefónica,3
2021-2,830122566,COLOMBIA TELECOMUNICACIONES S.A. E.S.P.,E1,Error factura/ Cobro o descuento injustificado,1,Oficina,19548
2021-2,830122566,COLOMBIA TELECOMUNICACIONES S.A. E.S.P.,E1,Error factura/ Cobro o descuento injustificado,2,Línea Telefónica,23218
2021-2,830122566,COLOMBIA TELECOMUNICACIONES S.A. E.S.P.,E1,Error factura/ Cobro o descuento injustificado,3,Página Web,1
2021-2,830122566,COLOMBIA TELECOMUNICACIONES S.A. E.S.P.,E1,Error factura/ Cobro o descuento injustificado,5,Otros,2735
2021-2,830122566,COLOMBIA TELECOMUNICACIONES S.A. E.S.P.,E3,Reporte a centrales de riesgo,1,Oficina,19
2021-2,830122566,COLOMBIA TELECOMUNICACIONES S.A. E.S.P.,E3,Reporte a centrales de riesgo,2,Línea Telefónica,18
2021-2,830122566,COLOMBIA TELECOMUNICACIONES S.A. E.S.P.,E3,Reporte a centrales de riesgo,5,Otros,147
2021-2,830122566,COLOMBIA TELECOMUNICACIONES S.A. E.S.P.,E4,Cobro en proceso de reclamación,1,Oficina,1
2021-2,830122566,COLOMBIA TELECOMUNICACIONES S.A. E.S.P.,E4,Cobro en proceso de reclamación,2,Línea Telefónica,60
2021-2,830122566,COLOMBIA TELECOMUNICACIONES S.A. E.S.P.,E8,Cobro por reconexión,1,Oficina,1
2021-2,830122566,COLOMBIA TELECOMUNICACIONES S.A. E.S.P.,E8,Cobro por reconexión,2,Línea Telefónica,22
2021-2,830122566,COLOMBIA TELECOMUNICACIONES S.A. E.S.P.,G1,Medios de atención al usuario,1,Oficina,32
2021-2,830122566,COLOMBIA TELECOMUNICACIONES S.A. E.S.P.,G1,Medios de atención al usuario,2,Línea Telefónica,544
2021-2,830122566,COLOMBIA TELECOMUNICACIONES S.A. E.S.P.,G1,Medios de atención al usuario,5,Otros,25
2021-2,830122566,COLOMBIA TELECOMUNICACIONES S.A. E.S.P.,H3,Garantía,1,Oficina,2
2021-2,830122566,COLOMBIA TELECOMUNICACIONES S.A. E.S.P.,H3,Garantía,2,Línea Telefónica,105
2021-2,830122566,COLOMBIA TELECOMUNICACIONES S.A. E.S.P.,H3,Garantía,5,Otros,15
2021-2,830122566,COLOMBIA TELECOMUNICACIONES S.A. E.S.P.,I1,Otros,1,Oficina,394
2021-2,830122566,COLOMBIA TELECOMUNICACIONES S.A. E.S.P.,I1,Otros,2,Línea Telefónica,422
2021-2,830122566,COLOMBIA TELECOMUNICACIONES S.A. E.S.P.,I1,Otros,5,Otros,80
